"","CD3","CD4","CD8a","CD11b","CD14","CD15","CD16","CD19","CD20","CD25","CD27","CD28","CD34","CD45RA","CD45RO","CD56","CD62L","CD69","CD80","CD86","CD127","CD137","CD197","CD274","CD278","CD335","PD-1","HLA-DR","TIGIT"
"AACAAGATCCTGATAG",0.078428388590384,0.570126797580305,0.528619684601057,2.01285048393645,0.806625006936049,0.690182640841684,2.99777082924862,0.162836604841655,0.528081966065942,0.503781617484374,0.280379845048011,0.225415403905573,0,0.728369728488963,0.554001986265985,0.44594835548884,0.37322610740097,0.620540401417623,0.606138696355987,2.88880335445059,0.543569261268905,0.658155134512703,0.455585081118952,0.494959381154752,0.148321279288279,0.504210507897764,0.86908052092839,3.07637427449869,0.754039060943776
"AACACACTCTAAGCCA",2.21913639474584,2.51190431231128,1.00849506070342,3.71329156083345,3.38094306934119,1.26424703091843,0.972860964871018,0.633514959301253,0.796350869155527,1.19161303916352,2.3207267301963,1.30466592712097,0,1.32669281055338,1.63964958099705,0.31819711503541,1.66119614269174,1.33876392338163,0.606138696355987,2.65144101501357,1.45623104606574,0.658155134512703,1.23075178635779,1.5090370393828,1.31320020407918,0.928185707733131,1.09866128447798,2.4432427269508,0.878364540649672
"AAGATAGCATGCGTGC",1.66454326918902,2.15762927572264,0.656890349742161,3.09970059691944,2.9188360657839,1.09465761282293,0.662835924437112,0.302833285886884,0.47543710311206,2.08454163992633,1.67687440776842,1.99075732538178,0,0.494722647435309,1.92269739842968,0.44594835548884,1.53024353171121,1.0289197002162,0.606138696355987,2.89310621737163,0.543569261268905,0.658155134512703,0.654070197746588,1.07202694806219,1.05268375120473,0.837834243930647,1.60949670711788,1.6187912919622,0.446468846225273
"AATCGTGGTATCATGC",0.139391567052538,0.518371917052768,0.381440532556878,2.77135653283419,1.31883722215945,0.843909096654135,2.50825238521894,0.633514959301253,0.796350869155527,0.763695965554657,0.280379845048011,0.199864822791982,0,2.06768695276169,0.428264106816348,0.915726089541597,0.062627683789039,0.577600048300276,0.606138696355987,3.02561533251283,0.148830396504338,0.270339097030966,0.916470391571415,0.673274728854775,0.101283506151842,0.628201721338839,0.379512830545665,2.5377965525523,0.247946987100794
"ACAAAGACAACTTGCA",0.162772926971699,0.906332832913456,0.715340719829418,2.64950907662707,1.16203298851317,0.633198855183445,2.05631122271017,0.633514959301253,0.714671478262108,0.503781617484374,0.149984509999225,0.146717610748839,0,1.46996060565784,1.00325388064428,0,0.229937655133498,0.661712547556273,0.348308566071665,3.59713462754357,0.215687203764642,0.270339097030966,0.455585081118952,1.17603946140477,0.148321279288279,0.362640118070289,0.268281279507575,3.1845031646542,0
"ACAAGCTCATTCCTCG",0.139391567052538,0.855147513286317,0.770562488801831,2.76103027192978,2.43707041521441,1.05699348397328,2.52720885419535,0.534958587029275,0.975401720038649,1.19161303916352,0.132421340129519,0.430022081262695,0,1.45617598019099,0.707079788178507,0.44594835548884,0.062627683789039,0.845433486048656,0.980833230589867,3.26227820072336,0.278352918462039,0.658155134512703,0.767415564701468,1.27024537705117,0.277458211983388,0.362640118070289,0.86908052092839,3.95285658838245,0.247946987100794
"ACACTGAGTTGACTGT",0.0529629687539929,0.392249531474544,0.594810279193789,2.34035443888533,1.39850813457507,0.439716121073778,1.56048885501765,0.302833285886884,0.625722379363291,0.283285386541414,0.149984509999225,0.146717610748839,0,0.830720355220889,0.401101544250456,0.171701697747008,0.177217854068633,0.661712547556273,0.606138696355987,2.49811353038542,0,0.482930628284431,0.297328524433437,0,0.101283506151842,0.197669248279261,0.143110642994697,2.31566531118291,0.247946987100794
"ACATCGACAGAACTTC",2.24106574772059,2.03095689675115,0.594810279193789,3.25735943904792,3.20347904057169,1.01785505936273,0.777193620403648,0.425616138698798,0.298502132108913,0.83721973855093,2.46304894547473,1.39478732559422,0.643101746343893,1.98735914165811,0.803646995595744,0.44594835548884,1.86081160859194,1.4363228947267,0.606138696355987,2.77955617921463,1.65872662282184,0.936894471746855,1.29599783225789,0.673274728854775,1.42176152712013,0.628201721338839,0.990444900141854,1.47023386435456,0.446468846225273
"ACATTTCAGTAACAGT",1.88534605041665,1.84443836553337,0.715340719829418,3.06711822105127,3.26158756228459,0.843909096654135,0.662835924437112,0.80554269985518,0.756344882355118,0.684334392493668,1.93243302218951,1.06344194277067,0,1.18248723230613,0.314884960068445,0.753273605103718,1.70912523305636,1.10940999210259,0.606138696355987,2.54784293610016,1.15260415384339,0.936894471746855,1.19645966180205,0.277795210079036,1.03390859187087,0.928185707733131,0.730925616602372,1.6703110787305,0.247946987100794
"ACGCACGAGTGATTCC",0.151150581454531,0.538595862538892,0.457735381049046,2.36379008172147,2.1868520676251,0.843909096654135,1.40018072333819,0.425616138698798,0.419865993405176,0.503781617484374,0.0963416056871482,0.298369150780438,0,1.02466694709818,0.839805766303236,0.559212504518971,0.229937655133498,0.739295777888058,0.606138696355987,2.68371858030863,0.215687203764642,0.807205476621961,0.592184855893236,0.673274728854775,0.277458211983388,0.928185707733131,0.65396174463175,3.11592478886517,0.754039060943776
"ACGGTTAAGACTTCCA",0.151150581454531,0.279517741393142,0.770562488801831,1.03656831468305,0.250169619927478,0.19959369759556,3.00943222227852,0.633514959301253,0.47543710311206,0.503781617484374,0.184211692335066,0.274637717330291,0,2.19480100172235,0.11633062897579,0.171701697747008,0.121563235080174,0.436466245074759,0.810933751842124,3.33385920890382,0.337322146248238,0.270339097030966,0.207695511901037,0.494959381154752,0.355126648836527,0,0.379512830545665,2.41714717406067,0
"ACTACGACAGTCACGC",2.29043814528454,2.32788269112069,0.381440532556878,3.45759001841451,2.69976515831687,0.843909096654135,0.385360031016497,0.723223470154349,0.528081966065942,1.14060022715264,2.7968404087292,1.5995234385783,0.643101746343893,0.448281698052037,1.50305572112605,0.559212504518971,1.47265096031006,1.69671882307477,0.980833230589867,2.4722896113181,2.07702770561852,0.807205476621961,0.869211711750549,0.673274728854775,1.88646218109981,1.2872227617531,1.09866128447798,0.636284478115739,1.08847575402188
"ACTTCCGCAACAGCCC",2.42060169348423,2.24637489399303,0.872622076046917,3.16531369211477,2.97578522302409,0.843909096654135,0.662835924437112,0.425616138698798,0.796350869155527,0.763695965554657,2.6394844367219,1.35482681696937,0,1.40637604370344,1.1305123236257,0.753273605103718,1.07803930479438,0.845433486048656,1.46634196427197,3.07334766892004,1.97106702189633,0.936894471746855,1.00477311942979,0.824553972425774,1.47192033580833,0.928185707733131,0.86908052092839,3.44647208907586,0.446468846225273
"ACTTCGCTCTCCGTGT",0.207956851541505,0.608191817766576,0.528619684601057,2.31230008522227,1.96349036790682,0.57277065362727,1.20917453698298,0.425616138698798,0.528081966065942,0.283285386541414,0.200895765125034,0.199864822791982,0,0.622356744260168,0.891704689908307,0.171701697747008,0.327707018148909,0.384618859444128,0.348308566071665,2.53564050245143,0.215687203764642,0.482930628284431,0.455585081118952,0.824553972425774,0.236238087355901,0.504210507897764,0.379512830545665,3.04370883738636,0.247946987100794
"AGAACAATCTGGTGGC",0.174261744001963,0.71103175336464,0.528619684601057,2.44767641583487,1.94518819628009,0.843909096654135,1.40018072333819,0.302833285886884,0.671185595723363,0.399598553965663,0.167244531521055,0.199864822791982,0,0.638207077509001,0.707079788178507,0.171701697747008,0.498532692030386,0.739295777888058,0.348308566071665,3.06615090196497,0.543569261268905,0.270339097030966,0.526215594646022,0.277795210079036,0.148321279288279,0.362640118070289,0.802387020952649,3.26353239305858,0.247946987100794
"AGACAAAGTGTCTTCC",2.41939256507743,2.27428887397224,0.715340719829418,3.74321229602532,3.43400594836491,0.843909096654135,0.777193620403648,0.633514959301253,0.796350869155527,1.24014936575724,2.21391707853668,1.42564440486643,0,0.706579676689393,1.98108508520111,0.44594835548884,1.54413793197585,1.15968232026641,0.606138696355987,3.06975575961036,0.674401019225644,1.33333614995037,1.0859072076212,1.43559820912434,1.45961452216446,0.928185707733131,0.86908052092839,2.04128588283468,0.446468846225273
"AGACACTCACCAGGTC",0.151150581454531,0.611919825387636,0.381440532556878,0.220140213291358,0.381940759522646,0.57277065362727,4.1099439112182,0.534958587029275,0.36102408227652,0.83721973855093,0.217306041423912,0.274637717330291,0.643101746343893,2.69651137415045,0,0.44594835548884,0.229937655133498,0.436466245074759,1.12601556294001,3.35030227078196,0.148830396504338,0.270339097030966,0.712347918851285,0,0.317046289216952,0.73850117781697,0.570576812528938,2.42110518424431,0
"AGACCATAGAACCCGA",0.0268320779105439,0.694038419602496,0,1.7463262123371,0.602614739496438,0.439716121073778,2.91209576078222,0,0.298502132108913,0.283285386541414,0.167244531521055,0.25032938456661,0,0.476404257496703,0.186987361223538,0.171701697747008,0.177217854068633,0.436466245074759,0.810933751842124,3.01426892757115,0.215687203764642,0.270339097030966,0.109230270077757,0.673274728854775,0.317046289216952,0.73850117781697,0.570576812528938,2.95589158865136,0.247946987100794
"AGGTCTATCCGAGGCT",0.0529629687539929,0.648454889526716,0.457735381049046,1.33978202654234,0.806625006936049,0.439716121073778,1.7407179386506,0.302833285886884,0.160347899162075,0.503781617484374,0.310485013142852,0.199864822791982,0,0.777439391777579,0.220527698545415,0.31819711503541,0.327707018148909,0.532732769026629,0.348308566071665,1.71780950208486,0,0,0.379584183463816,0.277795210079036,0.148321279288279,0.197669248279261,0.268281279507575,2.64439156301694,0
"AGGTTACGTCGTACTA",0.065776737432921,0.782551117697244,0.381440532556878,0.163689279142958,0.250169619927478,0.690182640841684,2.05631122271017,0.302833285886884,0.36102408227652,0.598127395086689,0.149984509999225,0.173644253491974,0,1.57388847404604,0.220527698545415,0.31819711503541,0.121563235080174,0.14526973170558,0,2.98728233073332,0.278352918462039,0.658155134512703,0.455585081118952,0.277795210079036,0.148321279288279,0,0.379512830545665,2.58247969465298,0.247946987100794
"AGGTTGTTCTCGCAGG",2.69931904489518,0.534583661778359,0.965223368099397,3.16010412906631,2.68577155846407,0.977122203123088,0.211129075046876,0.425616138698798,0.714671478262108,0.83721973855093,1.38974529548105,1.67925171522694,0,0.661521244552587,1.44660607525193,0.44594835548884,1.37952091527862,1.00058252664821,0.810933751842124,0.995075576548956,1.65872662282184,0.807205476621961,1.04616278046788,0.95592636400035,1.12444613207413,0.362640118070289,0.931602745749479,1.28344350193394,0.754039060943776
"AGTGATCCACGAAGAC",2.54326785587157,2.07670972141367,0.715340719829418,2.30822729078423,2.14538912203233,0.934659469128532,0.533691369718733,0.534958587029275,0.578093405915924,0.684334392493668,2.0943196647579,1.31320275926236,0,1.20057230147361,0.857406388111425,0.31819711503541,2.19879755055395,0.384618859444128,0.980833230589867,2.93102085666225,1.595676804575,0.270339097030966,0.961596110472027,0.824553972425774,2.02927918550453,0.73850117781697,0.479601078161477,1.30377290876671,0.754039060943776
"ATACCTTAGACCTCAT",0.174261744001963,0.593139232773541,0.715340719829418,2.87456628256876,1.47820752389174,1.13095449545644,1.20917453698298,0.534958587029275,0.47543710311206,1.03003424041522,0.114544182488019,0.48987219187553,0,0.824213429748743,0.727153672760239,1.05543891751301,0.416763104875104,0.878448832313586,0.348308566071665,2.67307473353698,0.215687203764642,0.482930628284431,0.592184855893236,0.824553972425774,0.317046289216952,0.362640118070289,0.479601078161477,2.84936976658758,0.446468846225273
"ATCATTCGTCGCTGCA",0.0909219731917221,0.522449559177862,0.381440532556878,1.56928589830053,1.28367166938314,0.439716121073778,2.24734543477586,0.425616138698798,0.36102408227652,0,0.0778015424706905,0.225415403905573,0.643101746343893,1.67919255267976,0.6224943246332,0.31819711503541,0.062627683789039,0.384618859444128,0.348308566071665,2.54784293610016,0.148830396504338,0.658155134512703,0.379584183463816,0.277795210079036,0.193245542963031,0.504210507897764,0.730925616602372,2.14886594267584,0
"ATCGGCGAGAGAGCGG",0.078428388590384,0.0469128839925912,0.528619684601057,0.0532777432632287,0.144136501427022,0.57277065362727,0.211129075046876,3.34052816611967,0.419865993405176,1.28643856403296,2.04583321106396,0.061293349698642,0,2.29113808936091,0.0402993710949741,0,0.062627683789039,0.14526973170558,0.606138696355987,2.26198605024538,0.215687203764642,0.658155134512703,0.526215594646022,0.673274728854775,0.355126648836527,0,0.379512830545665,3.56354870323189,0.878364540649672
"ATCGTCCAGACTCATC",0.127492631261743,0.724421518200315,0.109838802731234,2.54673427340043,1.91898901951568,0.633198855183445,2.42861470007451,0.425616138698798,0.419865993405176,0.598127395086689,0.184211692335066,0.298369150780438,0,1.09181216327688,0.577357907552399,0.559212504518971,0.229937655133498,0.620540401417623,0,3.71328737160558,0.148830396504338,0.658155134512703,0.916470391571415,0.824553972425774,0.236238087355901,0.197669248279261,0.379512830545665,2.79651533408458,0.247946987100794
"ATCTTCACATGGGTCC",0.103261392236746,0.45946705618861,0.298840409971135,1.10229004566941,0.229843407222985,0.744093589990968,2.8992345121555,0.723223470154349,0.231808944671049,0.283285386541414,0.167244531521055,0.173644253491974,0,2.80395939046537,0.186987361223538,0.171701697747008,0.229937655133498,0.32993562094087,0.606138696355987,2.87578254992532,0.0771814574470346,0.482930628284431,0.654070197746588,0,0.427195035334462,0.504210507897764,0,2.2269842330107,0.988928366665757
"ATTGTTCTCCGAACGC",1.87705657115048,2.50295940934245,1.08979635821329,3.76182586708341,3.09492942181917,1.2325522730793,0.777193620403648,1.13851629385077,0.975401720038649,1.7489419659691,1.78433573729538,1.88618324850864,0,0.283270367851424,1.92869198621618,1.05543891751301,1.20197898983795,1.55865698958667,1.46634196427197,2.90165679451117,1.61181584144571,1.05167873526495,1.32709092767919,1.17603946140477,1.07111289053426,0.504210507897764,2.05023519302601,1.97359264441215,1.08847575402188
"CACACAACAAATCAGA",0.127492631261743,0.881067629473934,0.770562488801831,1.96223960537377,0.229843407222985,1.01785505936273,2.29583505720693,0.80554269985518,0.528081966065942,2.71348938284187,0.167244531521055,0.366360614926939,0.643101746343893,2.71441904056251,1.7090053888652,0,4.19090848584338,0.845433486048656,0.348308566071665,3.23520104088961,0.495856913618938,0.807205476621961,0.961596110472027,1.5090370393828,0.355126648836527,1.15863841481076,1.09866128447798,3.04370883738636,0.247946987100794
"CACGTTCCACTGAGGA",2.62531954432049,0.690604823188282,4.2611446524113,3.9121038104019,3.41294720537706,0.934659469128532,0.662835924437112,0.881597860192294,0.714671478262108,0.83721973855093,1.57756241254057,0.682979057728775,0,0.622356744260168,2.00904835421644,0.559212504518971,0.985962322484543,1.31805568949774,0.606138696355987,2.84922100609645,0.543569261268905,1.24797146437927,1.12413221154247,1.27024537705117,1.77548692548679,1.08756265881197,2.51652256633557,1.21546455051177,2.73118009764611
"CACTGGGAGACGGTTG",0.0909219731917221,0.727741132353726,0.109838802731234,1.44832775912315,0.771409790769602,0.843909096654135,3.53061963004151,0.302833285886884,0.47543710311206,0.151640655414754,0.167244531521055,0.25032938456661,0,1.7617558083476,0.284411185920995,0.6609431504104,0.327707018148909,0.210688021684502,0.348308566071665,2.88448189686112,0.0771814574470346,0.482930628284431,0.654070197746588,1.07202694806219,0.101283506151842,0.837834243930647,0.479601078161477,2.51168099463149,0.247946987100794
"CAGAGCCAGACGACGT",2.75792216900028,0.122544177656589,4.40148743793667,1.42556965493284,0.346029774855427,0.690182640841684,0.879805391426117,0.534958587029275,0.907578186218985,0.399598553965663,0.295545714960723,0.298369150780438,0,3.37133082564079,0.0790374200769217,2.73591936499105,0.37322610740097,0.845433486048656,0.810933751842124,0.144094736932117,0.337322146248238,0.807205476621961,0.869211711750549,0.494959381154752,1.03390859187087,1.72093367220632,0.86908052092839,0.388232149965671,2.48276168461492
"CAGCAGCAGCGTCTCG",2.91114321747094,2.99673972197766,0.822893737649755,0.152006359189281,0.250169619927478,1.29496801557891,0.533691369718733,0.633514959301253,0.871859583740754,4.04304698892816,3.14455218882509,3.65760624785048,0,0.327145253126303,2.26547557315011,0.915726089541597,3.03072617283327,0.701256368802177,1.12601556294001,3.45105758283163,0.445753540129428,0.482930628284431,1.00477311942979,0.95592636400035,4.09696826671993,1.08756265881197,2.46555581246796,0.315250891576419,1.97277795544224
"CAGTTAGTCGCAACAT",0.127492631261743,0.779408833600905,0.528619684601057,3.56264463729704,2.7305526473862,1.16597992933496,0.777193620403648,0.534958587029275,0.625722379363291,0.83721973855093,0.325204409839071,0.450372728448143,0,0.138759074808944,2.00904835421644,0.6609431504104,0.37322610740097,0.775941060155024,0.348308566071665,2.73530198962515,0.445753540129428,0.270339097030966,0.767415564701468,0.95592636400035,0.277458211983388,0.73850117781697,0.730925616602372,3.72960328191044,0.754039060943776
"CATACAGCATCCGTTC",0.207956851541505,0.344788812034469,1.59884943089471,3.57613441781553,3.17256630075633,0.977122203123088,3.86165999020435,0.425616138698798,0.756344882355118,1.03003424041522,0.149984509999225,0.388034546344894,1.31025455105336,3.15787635764962,1.63163785012903,4.04322241326141,1.67339549251894,0.739295777888058,1.25276751429767,2.88880335445059,0.495856913618938,1.05167873526495,0.712347918851285,0.95592636400035,1.10698253578746,1.99309621248938,0.479601078161477,1.35477282954319,3.05683790937611
"CATACAGGTACGATGG",0.443084308586574,0.895182584085682,0.770562488801831,3.82943794413823,3.71043479170796,1.13095449545644,4.44448123629545,0.80554269985518,0.796350869155527,0.96980107903691,0.280379845048011,0.616992262118392,0.643101746343893,1.69297891660226,1.89835310090452,2.7599190705323,0.801094151164012,1.10940999210259,1.12601556294001,2.93514621097944,0.445753540129428,1.73274008367975,0.767415564701468,1.07202694806219,1.48407655541428,1.63950657400049,0.802387020952649,1.10886132425105,2.48276168461492
"CATTGCCCAAGGGTCA",0.127492631261743,1.35630985824463,0.770562488801831,3.75864124839389,3.19292707191508,1.09465761282293,0.385360031016497,0.723223470154349,0.528081966065942,1.03003424041522,0.114544182488019,0.409248666754237,0,0.294420874340979,1.97539735848068,0.559212504518971,0.37322610740097,0.910408912673007,0.348308566071665,2.91013487869993,0.393006794672527,0.482930628284431,0.592184855893236,0.824553972425774,0.317046289216952,0.928185707733131,0.802387020952649,3.41431895316364,0.446468846225273
"CCAATGATCGTAGGGA",0.127492631261743,0.944407796899459,0.656890349742161,2.94822763468807,2.58970351620862,0.286200901154216,1.05798961239099,0.534958587029275,0.578093405915924,0.684334392493668,0.217306041423912,0.366360614926939,0,0.721159005731224,0.344457480235265,0.753273605103718,0.177217854068633,0.701256368802177,0.810933751842124,3.36380125864091,0.278352918462039,0.807205476621961,0.712347918851285,0.494959381154752,0.148321279288279,0.73850117781697,0.570576812528938,3.16404314072722,0
"CCAATTTGTGGCCCAT",0.0909219731917221,1.21000592969517,0.594810279193789,2.41275818113444,1.5520211293261,0.843909096654135,2.14268583210829,0.723223470154349,0.419865993405176,0.283285386541414,0.149984509999225,0.321550433931925,0,1.8637406100659,0.530087493981988,0.559212504518971,0.229937655133498,0.701256368802177,0.606138696355987,3.46811437009486,0.393006794672527,0,0.592184855893236,0.824553972425774,0.277458211983388,0.837834243930647,0.379512830545665,3.3916294659283,0.878364540649672
"CCACACTGTGCGTCGT",1.93957161583918,2.53935232146671,0.872622076046917,3.69033383551976,3.34424003493107,1.48705608632747,1.05798961239099,1.08020667864408,0.834817752948015,0.684334392493668,0.200895765125034,1.99075732538178,0,0.271994124216577,2.64161148006716,0.6609431504104,0.801094151164012,0.971418880872936,0.810933751842124,2.40465230640785,1.17762866180235,1.48489368082083,0.961596110472027,0.277795210079036,1.29876231992708,1.15863841481076,0.65396174463175,2.23653148891821,0.878364540649672
"CCCAACTAGGAACATT",0.115450404071835,0.849295095980464,0.656890349742161,2.53920408504397,0.946337927416442,1.19981998355664,2.78991675297478,0.881597860192294,0.714671478262108,0.283285386541414,0.114544182488019,0.298369150780438,0,0.348381316290345,1.0329659605153,0.753273605103718,0.121563235080174,0.577600048300276,0.810933751842124,2.90590482131758,0.445753540129428,0.658155134512703,0.869211711750549,1.07202694806219,0.0519234989354929,1.0110459550429,1.04601622681305,4.29168776741439,0.754039060943776
"CCGATCTAGGCCTGAA",0.078428388590384,0.869630440720685,0.594810279193789,3.14076678850804,2.69976515831687,0.843909096654135,0.879805391426117,0.881597860192294,0.625722379363291,0.83721973855093,0.114544182488019,0.298369150780438,0,1.28639450200751,0.6224943246332,0.559212504518971,0.229937655133498,0.436466245074759,0.810933751842124,3.01426892757115,0.543569261268905,0.482930628284431,0.654070197746588,0,0.193245542963031,0.362640118070289,0.931602745749479,3.66607138779106,0.247946987100794
"CCGTGAGAGGCATGGT",0.0529629687539929,0.623021178396041,0.594810279193789,2.16671493289408,1.33935788327516,0.57277065362727,1.40018072333819,0.534958587029275,0.578093405915924,0.399598553965663,0.132421340129519,0.173644253491974,0.643101746343893,1.10668726926258,0.401101544250456,0.31819711503541,0.177217854068633,0.32993562094087,0,2.68371858030863,0.278352918462039,0.482930628284431,0.455585081118952,0.277795210079036,0.317046289216952,0.628201721338839,0.143110642994697,2.45731021774883,0.247946987100794
"CCTCAGTAGCATCCCG",0.151150581454531,0.0203755884105767,4.07442881550473,1.25767577802794,0.250169619927478,1.01785505936273,4.72645073003181,0.723223470154349,0.578093405915924,0.598127395086689,0.184211692335066,0.409248666754237,1.03131256459677,3.65283608373529,0.11633062897579,4.08189470525837,0.28001671709365,0.485757465480006,0.606138696355987,0.144094736932117,0.215687203764642,0.482930628284431,0.526215594646022,0.824553972425774,1.72929506708703,2.07867839687991,0.65396174463175,0.36791813977957,1.84789528658487
"CCTCTCCCACCTGAAT",0.115450404071835,0.542592029852467,0.528619684601057,2.44412020751524,1.18599593991942,0.843909096654135,2.46922610335234,0.425616138698798,0.231808944671049,0.684334392493668,0.114544182488019,0.225415403905573,0,1.24010610055843,0.600180756496516,0.171701697747008,0.229937655133498,0.878448832313586,0.810933751842124,2.61808675894914,0.0771814574470346,1.05167873526495,0.767415564701468,0.494959381154752,0.148321279288279,0.504210507897764,0.570576812528938,2.98627849796295,0.612032565409206
"CCTCTCCTCCTAGCTC",0.0268320779105439,0.666233761039515,0,0.314356029931088,0.270090894895811,0.690182640841684,2.02577824739305,0.302833285886884,0.47543710311206,0.283285386541414,0,0.0905864418661721,1.03131256459677,1.92420458123511,0.284411185920995,0.559212504518971,0.062627683789039,0.436466245074759,0,2.6404460795944,0.148830396504338,0,0.297328524433437,0.277795210079036,0.148321279288279,0.362640118070289,0.479601078161477,1.75068472147994,0.247946987100794
"CCTTCAGTCTTACCGC",0.0399828738360386,0.0337322621258001,0.594810279193789,1.06053923978569,0.289623051779062,0.690182640841684,3.14981798112653,0.534958587029275,0.578093405915924,0.399598553965663,0.0963416056871482,0.199864822791982,0.643101746343893,2.94028365042449,0.152282912057905,4.15208002764863,0.121563235080174,1.69671882307477,0.348308566071665,0.144094736932117,0.0771814574470346,0.482930628284431,0.526215594646022,0.277795210079036,1.35530375123471,2.20681110202757,0.143110642994697,0.0852091114843325,0
"CGAGTGCTCATTACCT",0.0268320779105439,1.14447663093414,0.457735381049046,2.92720621419002,1.99911945427517,0.795246218586646,2.8992345121555,0.952275233266179,0.756344882355118,0.503781617484374,0.23345136268999,0.25032938456661,0,0.9641034113934,1.00325388064428,0.6609431504104,0.121563235080174,0.661712547556273,1.12601556294001,3.36647932643656,0.543569261268905,0.936894471746855,0.654070197746588,0.494959381154752,0.193245542963031,0.837834243930647,0.570576812528938,2.93641992556944,0.612032565409206
"CGCATGGAGTTTGGCT",0.174261744001963,1.08135568329322,0.965223368099397,3.18701523849447,2.99794464982859,1.46177259076529,0.879805391426117,1.08020667864408,1.30718288432876,0.598127395086689,0.184211692335066,0.298369150780438,0,0.893561824135398,0.972631888716677,0.6609431504104,0.416763104875104,0.845433486048656,1.36524569116229,3.3366185638864,0.148830396504338,1.33333614995037,1.00477311942979,0.673274728854775,0.391809933175145,1.22499590782699,0.86908052092839,4.19865586595796,0.446468846225273
"CGTTGGGAGGTCCGAA",0.0529629687539929,0.727741132353726,0.381440532556878,2.36892424839309,0.96619970135396,0.843909096654135,2.29583505720693,0.302833285886884,0.625722379363291,0.598127395086689,0.132421340129519,0.199864822791982,0,1.52651363061677,0.428264106816348,0.559212504518971,0.177217854068633,0.384618859444128,0.606138696355987,3.36111599953501,0.495856913618938,0.658155134512703,0.592184855893236,0.277795210079036,0.148321279288279,0.628201721338839,0.570576812528938,3.52150872239102,0.446468846225273
"CTAACTTTCCATCTCG",1.86659714641385,2.21166559964063,1.00849506070342,2.76362185106798,2.42342451270482,1.01785505936273,0.533691369718733,0.162836604841655,0.578093405915924,1.9995778002079,0.167244531521055,2.39385939939651,0,0.176891393884737,1.54777883741407,0.31819711503541,0.537039565823374,0.485757465480006,0.348308566071665,2.34704254708674,0.957341122858807,0.658155134512703,0.526215594646022,0.277795210079036,2.30858479961639,0.504210507897764,0.931602745749479,2.474932759513,0.446468846225273
"CTCAACCTCAGTCCGG",2.56232528526452,2.39639643009087,0.457735381049046,3.63015940525155,3.38882264601074,1.09465761282293,0.879805391426117,0.723223470154349,1.09863590934216,0.598127395086689,1.76720844097601,2.22451590363943,0,0.849990883944262,1.5821708197479,0.988020480926255,1.18235997667972,1.13486203629539,0.980833230589867,2.92271873864437,3.14871877972491,1.05167873526495,0.819608386282963,1.27024537705117,1.84522379137095,0.628201721338839,1.36693103512777,2.20761184141441,0.612032565409206
"CTCAGGGGTCAACCTA",0.103261392236746,0.791919157137018,0.109838802731234,2.08341454238613,0.670948027307627,0.633198855183445,0.879805391426117,0.302833285886884,0.0833844434493967,0.598127395086689,0.114544182488019,0.274637717330291,0,0.614336358729774,0.554001986265985,0.44594835548884,0.229937655133498,0.436466245074759,0.348308566071665,2.65689347929506,0.495856913618938,0.482930628284431,0.712347918851285,0.673274728854775,0.148321279288279,0.197669248279261,0.143110642994697,2.25690972375447,0.446468846225273
"CTCATTAGTCCATAGT",0.078428388590384,0.955025295586061,0.715340719829418,2.87302080188015,2.0989697899149,0.439716121073778,3.81614104741742,0.723223470154349,0.47543710311206,0.763695965554657,0.0778015424706905,0.225415403905573,0,0.817663886736989,1.19478722534592,0.83779507743143,0.121563235080174,0.910408912673007,0.348308566071665,3.00279230278419,0.278352918462039,0.482930628284431,0.961596110472027,0.824553972425774,0,0.73850117781697,0.802387020952649,2.99891846987336,0.446468846225273
"CTCCATGCAACTGAAA",1.77413064219583,2.00357643121341,0.656890349742161,2.64854158056001,2.20979548066742,1.40920304227608,1.85733659450723,1.19361241524315,0.671185595723363,0.684334392493668,0.310485013142852,1.27860925710153,0,0.941138042462706,1.73109472834233,0.44594835548884,0.37322610740097,1.0564759565515,0.606138696355987,3.40065686782775,0.543569261268905,1.05167873526495,0.869211711750549,1.07202694806219,0.934350537680637,1.0110459550429,0.730925616602372,3.44173825742211,0.612032565409206
"CTCTCGAGTGTGTGGA",2.20724108873453,2.18424032615855,0.770562488801831,3.89276670416311,3.51867376898005,1.16597992933496,0.879805391426117,1.13851629385077,1.18201846309657,0.905706027889798,2.55515283976161,1.547100597492,0.643101746343893,1.60127219529849,1.77386137131839,1.11859777174588,1.29468493041198,1.37893666558286,1.12601556294001,2.15114371789356,1.87739072167561,0.807205476621961,1.38651893069854,0.494959381154752,1.35530375123471,1.0110459550429,0.990444900141854,1.67864544180492,0.446468846225273
"CTCTGGTTCTCTTAAC",2.5084644147993,2.190400161572,0.594810279193789,3.2526090770392,2.54407871685076,0.890313383589846,0.533691369718733,0.633514959301253,0.756344882355118,0.905706027889798,2.1687053859839,1.43321216173898,0,0.830720355220889,1.62356141266879,0.753273605103718,2.42269709616581,0.811290801333701,0.980833230589867,2.03662818120819,1.33719146995329,0.658155134512703,0.712347918851285,0.673274728854775,1.3414652721367,0.628201721338839,0.65396174463175,1.9009821530593,0.446468846225273
"CTGAGCGAGTTGGCGA",0.174261744001963,0.589340414960116,0.109838802731234,2.4652701961091,2.33739091564727,0.977122203123088,1.34047582669685,0.425616138698798,0.47543710311206,0.763695965554657,0.0589112416613291,0.430022081262695,0.643101746343893,2.70550529238541,0.186987361223538,0,0.28001671709365,1.13486203629539,0,3.31432754317714,0.337322146248238,0.270339097030966,0.379584183463816,0,0.193245542963031,0.73850117781697,0.570576812528938,3.3441220579378,0.612032565409206
"CTGCATCCACGGTGCT",0.139391567052538,0.869630440720685,0.594810279193789,1.9981198571939,1.29788662554767,0.690182640841684,3.35002324232003,0.723223470154349,0.756344882355118,0.503781617484374,0.167244531521055,0.298369150780438,0,1.86604644301077,0.727153672760239,0.753273605103718,0.177217854068633,0.485757465480006,0.810933751842124,3.36647932643656,0.337322146248238,0.482930628284431,0.379584183463816,1.07202694806219,0.236238087355901,0.362640118070289,0.730925616602372,2.41714717406067,0.446468846225273
"CTGTATTAGGTCGTCC",0.115450404071835,0.659160097631256,0.298840409971135,0.945178712098864,0.144136501427022,0.439716121073778,1.69861358230584,0.162836604841655,0.419865993405176,0.283285386541414,0.184211692335066,0.146717610748839,0.643101746343893,2.1931417541483,0.0790374200769217,0.31819711503541,0.177217854068633,0.32993562094087,0.606138696355987,2.37626222993636,0.148830396504338,0.658155134512703,0.819608386282963,0,0.317046289216952,0.362640118070289,0.268281279507575,3.02947835654575,0.247946987100794
"CTGTATTTCCAATCCC",0.078428388590384,0.707656109991313,0.208798177071393,2.10531583440758,0.840642181362147,0.633198855183445,1.50985543301332,0.534958587029275,0.419865993405176,0.503781617484374,0.149984509999225,0.0905864418661721,0,0.935313335911006,0.821889804134302,0.44594835548884,0.28001671709365,0.436466245074759,0,3.10162772086177,0.278352918462039,0,0.592184855893236,0.277795210079036,0.236238087355901,0.197669248279261,0.268281279507575,2.47243418740898,0
"CTGTCGTCACTCCCTA",0.078428388590384,0.526510641639187,0.381440532556878,0.231057827437613,0.209095452353255,0.633198855183445,2.40767328942889,0.302833285886884,0.298502132108913,0.151640655414754,0.0200251817024375,0.199864822791982,0.643101746343893,2.81739223234451,0.11633062897579,0.171701697747008,0.177217854068633,0.32993562094087,0.348308566071665,1.90728223146362,0,0.658155134512703,0.526215594646022,0.494959381154752,0.236238087355901,0,0.379512830545665,1.76347400629658,0.247946987100794
"CTGTGGGGTATGAAAC",0.0909219731917221,1.03125457835601,0.298840409971135,0.175237283173093,0.364146458380455,0.439716121073778,3.08746272618221,0.534958587029275,0.419865993405176,0.598127395086689,0.264980424988615,0.25032938456661,0,3.07133564126421,0.0790374200769217,0.559212504518971,0.062627683789039,0.436466245074759,0.348308566071665,2.41162565227981,0.337322146248238,0.807205476621961,0.455585081118952,1.07202694806219,0.317046289216952,0.73850117781697,0.143110642994697,1.10395833469664,0.247946987100794
"CTTTCAATCCTCAGGG",0.0399828738360386,0.468097467434428,0.528619684601057,3.2797492576364,2.52357355845011,1.09465761282293,1.05798961239099,0.633514959301253,0.47543710311206,0.684334392493668,0.149984509999225,0.274637717330291,0,0.237381788603727,1.28973781209352,0.171701697747008,0,0.620540401417623,0.348308566071665,2.67307473353698,0.148830396504338,0.482930628284431,0.379584183463816,0.277795210079036,0.236238087355901,0.628201721338839,0.479601078161477,2.93326897094437,0
"GAAGTAAAGCCAGAGT",0.0529629687539929,0.798116113651896,0.594810279193789,2.26371962878976,1.20939808075494,1.01785505936273,2.02577824739305,0.425616138698798,0.298502132108913,0.283285386541414,0.0963416056871482,0.225415403905573,0,1.61320611802457,0.686594673680977,0.6609431504104,0.177217854068633,0.878448832313586,0.810933751842124,4.04764856423505,0.278352918462039,0,0.455585081118952,0,0.277458211983388,0.504210507897764,0.570576812528938,2.99001275048471,0.247946987100794
"GAGAAATTCTAGAGCT",0.18562006593076,0.0403442890011005,0.457735381049046,1.02681670705928,0.250169619927478,0.843909096654135,3.74093946414451,0.425616138698798,0.231808944671049,0.503781617484374,0.132421340129519,0.146717610748839,0,3.04900678964143,0.11633062897579,4.37088910216889,0.062627683789039,0.577600048300276,0.606138696355987,0.270017249965803,0.337322146248238,0.658155134512703,0.379584183463816,0.494959381154752,1.57634670997068,2.13191725630074,0.570576812528938,0.163724284133083,0.612032565409206
"GAGTTACGTCCACATA",2.02028445191106,1.93562331836956,0.457735381049046,3.31912649018315,3.04207691604319,0.890313383589846,0.211129075046876,0.534958587029275,0.671185595723363,1.6279749200977,1.96130015427571,2.05754891083363,0,0.358832593765564,1.59058712807247,0.83779507743143,1.14192805029705,0.739295777888058,0,2.80800709247062,2.75771655000171,0.936894471746855,0.916470391571415,1.27024537705117,1.71979502015028,0.197669248279261,0.65396174463175,1.65058977458018,1.08847575402188
"GAGTTGTTCGTCCATC",0.0909219731917221,0.419681063619455,0.381440532556878,0.53730772001593,0.0983611346100563,0.690182640841684,2.81838679761872,0.633514959301253,0.528081966065942,0.399598553965663,0.0778015424706905,0.225415403905573,0,2.73780774913411,0.0790374200769217,0.31819711503541,0.177217854068633,0.577600048300276,0.348308566071665,3.06615090196497,0,0.482930628284431,0.592184855893236,0.673274728854775,0.101283506151842,0.73850117781697,0.379512830545665,2.41582434836228,0
"GATCATGAGAATCGTA",0.162772926971699,0.83748649577611,0.919994214231229,3.39029194558037,3.04330965895573,1.19981998355664,0.777193620403648,0.881597860192294,0.871859583740754,1.19161303916352,0.149984509999225,0.274637717330291,0,0.389546609974358,1.65548301299868,0.559212504518971,0.28001671709365,0.910408912673007,1.25276751429767,2.76012901718494,0.445753540129428,0.482930628284431,0.819608386282963,0,0.355126648836527,0,0.990444900141854,3.90116560996164,0.446468846225273
"GATGACTCACCCTAGG",2.25256769412684,2.28969814574945,0.528619684601057,2.99790222701262,3.05555422136398,0.633198855183445,0.972860964871018,0.534958587029275,0.942064846920223,0.598127395086689,2.12377407051436,1.3383845113054,0.643101746343893,1.49028768251406,1.06182064640125,1.43138750551551,2.1320926265088,0.436466245074759,0.348308566071665,2.42542813527326,1.83986892657538,0.658155134512703,0.916470391571415,0.494959381154752,1.29876231992708,1.0110459550429,0.86908052092839,1.40329748626212,0.446468846225273
"GATTTCTGTCCACATA",1.76486149221825,1.88691931650488,0.715340719829418,3.51047473822834,3.08078990193726,1.32477328320037,0.533691369718733,0.723223470154349,0.47543710311206,0.684334392493668,2.58304265197006,1.12686120848192,0,1.687487157572,1.18225850280403,0.6609431504104,0.985962322484543,1.18390144848425,0.980833230589867,2.85369721387189,1.24915083872646,0.807205476621961,0.654070197746588,0,1.08920853347094,0.504210507897764,1.04601622681305,1.82268367682125,1.08847575402188
"GCAACATCAAGTGGTG",2.1997340207492,2.04525894299899,0.208798177071393,3.31912649018315,3.17256630075633,0.690182640841684,0.662835924437112,0.80554269985518,0.975401720038649,1.24014936575724,0.86518188003896,1.37100314067905,0,0.36917577085327,1.20716091930659,0.44594835548884,1.80923922365706,1.0289197002162,0.810933751842124,2.82653439522843,1.51082686500982,1.1546337416412,0.712347918851285,0.494959381154752,0.461370706021117,0.504210507897764,0.802387020952649,2.122592778562,0.446468846225273
"GCAACCGCAGGACATG",0.115450404071835,0.84045174432142,0.715340719829418,3.20493188786283,3.01836135403781,0.843909096654135,1.78112091261186,0.302833285886884,0.578093405915924,0.684334392493668,0.0963416056871482,0.366360614926939,0,0.448281698052037,1.68641706754297,0.559212504518971,0.28001671709365,0.811290801333701,0.606138696355987,3.64482156552163,0.337322146248238,0.936894471746855,0.819608386282963,0.824553972425774,0.355126648836527,1.08756265881197,1.04601622681305,4.13168747704616,0.612032565409206
"GCATCTCTCCTACACC",2.30138902644569,2.74118015093445,0.656890349742161,3.43844314903105,3.01075385481216,0.934659469128532,0.385360031016497,0.80554269985518,1.43924379237166,1.41369003939524,0.217306041423912,2.26470344606441,0,0.494722647435309,1.8921732853108,0.915726089541597,0.801094151164012,1.18390144848425,0.810933751842124,2.87578254992532,2.48429115973135,1.05167873526495,0.819608386282963,0.673274728854775,1.96416305254403,0.73850117781697,1.60949670711788,1.25426961307769,0.754039060943776
"GCATTAGGTTCTCAGA",0.0399828738360386,0.704269033043238,0.381440532556878,2.65625546583687,1.60010750860876,0.439716121073778,2.83232352457202,0.80554269985518,0.298502132108913,0.283285386541414,0.23345136268999,0.366360614926939,0,0.467117669888245,0.821889804134302,0.171701697747008,0.229937655133498,0.485757465480006,0.606138696355987,2.90165679451117,0.495856913618938,0,0.297328524433437,0.277795210079036,0.193245542963031,0.362640118070289,0.570576812528938,2.91976553106628,0
"GCCTGTTAGATGCGAC",2.17223214738734,0.666233761039515,3.74001788206375,4.09533254626591,3.18011595445273,1.35371584792048,0.533691369718733,0.952275233266179,0.907578186218985,0.598127395086689,1.96130015427571,0.682979057728775,0,2.00354783179701,1.86068803590544,0.31819711503541,2.42269709616581,1.79230029815772,0.348308566071665,2.45912319050491,0.495856913618938,2.13414390226154,0.767415564701468,0.95592636400035,1.23883134874685,1.08756265881197,0.86908052092839,1.38119368739039,2.73118009764611
"GCGTTTCTCGCGATCG",0.065776737432921,0.0270762251940176,0.298840409971135,1.29583436439752,0.144136501427022,0.365901488286527,3.42162210223498,0.162836604841655,0.36102408227652,0.151640655414754,0.0200251817024375,0.146717610748839,0,1.83327066593835,0.0790374200769217,3.4391063197978,0.062627683789039,0.811290801333701,0.810933751842124,0.0746405378335064,0.0771814574470346,0.270339097030966,0.297328524433437,0,0.101283506151842,0.928185707733131,0.143110642994697,0.125237079001336,1.40984290511646
"GCTACCTAGAGAGGTA",0.0529629687539929,0.0403442890011005,0.298840409971135,1.43538661575861,0.166261664643412,0.795246218586646,2.31922573698005,0.425616138698798,0.36102408227652,0.399598553965663,0.0778015424706905,0.173644253491974,0,2.46863435094049,0.152282912057905,1.59610858648825,0.644390355003512,0.436466245074759,0.606138696355987,0.270017249965803,0.0771814574470346,0,0.455585081118952,0,0.277458211983388,4.00704484885521,0.379512830545665,0.282265502084851,0.247946987100794
"GGACGTCTCATGGCCG",2.44919065172846,2.300069960505,0.528619684601057,2.14932582998137,1.69934640609654,0.744093589990968,2.08593949065376,0.723223470154349,0.714671478262108,0.684334392493668,2.24009436852298,1.44817799982118,0,1.36542987773326,0.746832513558797,0.559212504518971,0.609871556036408,0.811290801333701,0.980833230589867,3.45105758283163,1.17762866180235,1.24797146437927,1.19645966180205,1.57744962549219,1.26924573232647,0.73850117781697,0.730925616602372,3.5627081754939,0.446468846225273
"GGCTTGGAGGTAGCAC",0.078428388590384,0.558418894709454,0.457735381049046,1.46110356665291,0.630510842800364,0.633198855183445,3.29927412041967,0.162836604841655,0.528081966065942,0.503781617484374,0.0963416056871482,0.146717610748839,0.643101746343893,2.12972993583711,0.577357907552399,0.44594835548884,0.327707018148909,0.620540401417623,0.348308566071665,2.76012901718494,0.0771814574470346,0.807205476621961,0.455585081118952,0.673274728854775,0,0.197669248279261,0.143110642994697,2.45476716766324,0.247946987100794
"GGGATGACAAGACGGT",2.24826995258889,0.0270762251940176,4.40857852560624,0.0788886448780691,0.144136501427022,0.795246218586646,0.533691369718733,0.534958587029275,0.160347899162075,0.598127395086689,2.22271920080602,1.40259131851362,0,0.138759074808944,1.92869198621618,0.559212504518971,1.09979225048104,0.436466245074759,1.25276751429767,1.17785655346584,0.215687203764642,2.13414390226154,0.916470391571415,0.494959381154752,3.30007339783637,0.628201721338839,3.4585694150633,2.6977125063242,2.21488635283158
"GGGCCATAGGTATAGT",0.078428388590384,0.368800710318415,0.298840409971135,2.06623482337247,1.33935788327516,0.365901488286527,1.4565208929503,0.425616138698798,0.47543710311206,0.151640655414754,0.0396572154814953,0.0905864418661721,0,0.379413060902771,0.577357907552399,0.31819711503541,0,0.210688021684502,0.980833230589867,2.8356708936943,0.148830396504338,0.270339097030966,0.379584183463816,0.277795210079036,0.0519234989354929,0.504210507897764,0.268281279507575,2.98177890974662,0
"GGGTCTGAGTCCGTCG",0.139391567052538,0.757131952463788,0.594810279193789,2.79337087352145,1.84828799744314,0.508454695487923,1.20917453698298,0.723223470154349,0.47543710311206,0.763695965554657,0.0963416056871482,0.388034546344894,0,0.763663452016486,0.857406388111425,0.44594835548884,0.416763104875104,0.910408912673007,0.348308566071665,3.00663249775656,0.393006794672527,0.936894471746855,0.526215594646022,0.494959381154752,0.148321279288279,0,0.379512830545665,3.52063208978372,0.446468846225273
"GGGTCTGTCCAACACA",0.065776737432921,0.860965878991401,0.457735381049046,2.75146993654355,1.48408300732772,0.439716121073778,0.879805391426117,0.302833285886884,0.231808944671049,0.399598553965663,0.249340148913955,0.225415403905573,0,0.875120524999723,0.6224943246332,0.171701697747008,0.177217854068633,0.620540401417623,0,2.69425032772735,0.215687203764642,0.936894471746855,0.455585081118952,0.494959381154752,0.236238087355901,0.504210507897764,0,2.64754628040349,0.247946987100794
"GGTGTTAGTCTCAGGC",0.151150581454531,0.773094487518974,0.822893737649755,3.48731498661226,2.59550400491555,0.633198855183445,1.13643646797788,0.723223470154349,0.671185595723363,0.684334392493668,0.0589112416613291,0.344206497473007,0.643101746343893,0.476404257496703,1.78081464923734,0.915726089541597,0.37322610740097,0.620540401417623,0.348308566071665,3.58215800269415,0.215687203764642,0.658155134512703,0.712347918851285,0.824553972425774,0.148321279288279,0.197669248279261,0.730925616602372,3.31330883333852,0.612032565409206
"GGTTCTCCATCTTCGC",1.34596932582517,0.485138001609763,3.1073657054641,3.30516880601308,3.04207691604319,0.977122203123088,0.211129075046876,0.633514959301253,0.796350869155527,0.763695965554657,2.29252400283919,1.11656671646106,0,2.18981497678194,0.857406388111425,0.6609431504104,1.2212204918396,0.775941060155024,0.348308566071665,2.59521604283665,0.987680576343321,0.658155134512703,0.819608386282963,0.824553972425774,1.20746283531335,0.837834243930647,0.65396174463175,1.07402458371771,0.446468846225273
"GGTTCTCGTAGGATAT",1.89561219311929,0.546572291354047,3.35450256012291,2.69580506768217,2.69279283579536,0.934659469128532,0,0.534958587029275,0.528081966065942,0.503781617484374,2.13340251870771,1.01881169069586,0,1.79938412846755,0.924865523619604,0.753273605103718,0.327707018148909,0.620540401417623,0.980833230589867,2.41855070715461,0.893752796092621,0.482930628284431,1.12413221154247,0.824553972425774,1.01477416996163,0.504210507897764,0.570576812528938,2.83988659030958,0
"GTAACACCATACTGTG",0.078428388590384,0.673257738986271,0,1.57496618237323,0.630510842800364,0.508454695487923,2.40767328942889,0,0.528081966065942,0.151640655414754,0.132421340129519,0.25032938456661,0.643101746343893,2.20961162699231,0.186987361223538,0.171701697747008,0,0.14526973170558,0,2.51077964217218,0.148830396504338,0.482930628284431,0.207695511901037,0.277795210079036,0.193245542963031,0.504210507897764,0.479601078161477,2.65486881358565,0.446468846225273
"GTAGTACCAAGCCTGC",0.065776737432921,0.819507950460641,0.381440532556878,1.39552694238872,0.18790788263914,0.19959369759556,2.14268583210829,0.302833285886884,0.0833844434493967,0.151640655414754,0.0778015424706905,0.119045813130454,0,0.379413060902771,0.908422555578001,0.44594835548884,0.062627683789039,0.620540401417623,0.606138696355987,3.50604225630106,0.337322146248238,0.482930628284431,0.297328524433437,0.277795210079036,0.236238087355901,0.197669248279261,0.143110642994697,2.59472986939238,0.247946987100794
"GTCCACTAGTCCGCCA",0.127492631261743,0.0917232177080484,0.594810279193789,1.92502389593313,0.250169619927478,0.508454695487923,3.65961936340021,0.425616138698798,0.671185595723363,0.283285386541414,0.200895765125034,0.321550433931925,0,2.26983423568322,0.252979493004953,3.8317883391813,0.416763104875104,2.39848525349353,0,0.381841980712278,0.148830396504338,0.482930628284431,0.526215594646022,0.277795210079036,0.101283506151842,0.928185707733131,0.570576812528938,0.828420337005138,2.50598950328549
"GTCGAATAGGGAGGAC",1.30256948693724,2.1811461209321,0.528619684601057,2.7832705938479,2.89483036912576,1.29496801557891,0.879805391426117,1.08020667864408,0.871859583740754,2.19981642321529,2.1261898877841,1.9421053363001,0,0.564814326420773,2.19474900927879,0.988020480926255,0.961554555152744,1.00058252664821,1.46634196427197,3.11547338293323,0.714465808188522,0.658155134512703,1.1609497016979,0.494959381154752,1.23883134874685,1.0110459550429,1.47815864214395,3.14315574496345,0.754039060943776
"GTCTCACCAATTGTGC",0.207956851541505,0.335020252534778,0.298840409971135,2.8929281121985,1.96711094649561,0.365901488286527,0.533691369718733,0.633514959301253,0.298502132108913,0.399598553965663,0.114544182488019,0.274637717330291,0,0.112504975013673,1.20716091930659,0.44594835548884,0.177217854068633,0.485757465480006,0.810933751842124,2.36903696152853,0,0.270339097030966,0.297328524433437,0.277795210079036,0.236238087355901,0,0.379512830545665,2.81088523489005,0.754039060943776
"GTGCGTGAGGCCCAAA",0.0529629687539929,0.834512428375285,0.457735381049046,2.00918812020186,0.91578541966443,0.744093589990968,3.08746272618221,0.425616138698798,0.756344882355118,0.684334392493668,0.114544182488019,0.173644253491974,0,1.09181216327688,0.428264106816348,0.31819711503541,0.28001671709365,0.436466245074759,0.606138696355987,3.15258918258286,0.278352918462039,0.482930628284431,0.379584183463816,0.494959381154752,0.277458211983388,0.197669248279261,0.479601078161477,2.47866895115478,0.247946987100794
"GTGCGTGCACGTAGAG",2.59533355248372,2.41435089948404,0.594810279193789,3.0575187372066,2.74725591282508,0.633198855183445,0.385360031016497,0.534958587029275,0.671185595723363,0.684334392493668,2.1733196558135,1.58018548599587,0.643101746343893,1.76430889505421,0.401101544250456,0.753273605103718,1.74362227657198,0.775941060155024,0.348308566071665,2.69947489723867,1.10059428864715,0,1.23075178635779,0.494959381154752,1.10698253578746,0.73850117781697,0.802387020952649,1.71397927467242,0.754039060943776
"GTGCTGGTCGTCAACA",2.06782509031443,1.97161101519186,0.457735381049046,1.92102465856346,0.722439949614788,0.843909096654135,2.14268583210829,0.534958587029275,0.578093405915924,0.598127395086689,1.70300126342245,1.11656671646106,0,2.01154494822322,0.344457480235265,0.31819711503541,0.28001671709365,0.620540401417623,0.810933751842124,2.85369721387189,0.674401019225644,0.807205476621961,1.0859072076212,0.494959381154752,1.25415416542129,0.362640118070289,0.65396174463175,1.81305566458033,0.612032565409206
"GTGCTTCAGAGCATAT",1.78559754997668,1.89931949884099,0.715340719829418,3.04131193582254,2.30698567811298,0.890313383589846,0.211129075046876,0.425616138698798,0.47543710311206,0.83721973855093,2.01664868314465,1.51982125298358,0,1.06651778922843,0.554001986265985,0.44594835548884,1.85070771594573,1.00058252664821,0.810933751842124,2.812671198127,1.70353503819525,1.4119833822815,0.654070197746588,0.494959381154752,1.7664176732526,1.0110459550429,0.931602745749479,1.94644870084083,0.446468846225273
"GTGGAAGTCATATGGC",0.0399828738360386,0.769922299651333,0.457735381049046,1.81546287291146,0.51392938490743,0.934659469128532,4.34287224677912,0.534958587029275,0.298502132108913,0.598127395086689,0.0200251817024375,0.173644253491974,0,1.46996060565784,0.665681127500115,0.31819711503541,0.062627683789039,0.701256368802177,0.606138696355987,3.38764952775464,0.0771814574470346,0.482930628284431,0.526215594646022,0.673274728854775,0.0519234989354929,0.73850117781697,0.65396174463175,2.28294657555208,0
"GTGGGAAGTTCAAAGA",2.0363837654615,2.69684384360172,0.208798177071393,3.2787189118096,2.99017962333947,0.843909096654135,0.211129075046876,0.80554269985518,0.871859583740754,1.52656128292727,2.0943196647579,2.23132698690565,0,0.409510749047205,2.11368190243559,0.83779507743143,1.25862718743957,0.941379101657439,0.810933751842124,2.98336695666774,2.71614411351196,0.658155134512703,0.767415564701468,1.43559820912434,1.81096313909437,1.08756265881197,1.80455989443707,2.05086527816178,0.247946987100794
"GTTACCCCATGGAATA",0.139391567052538,0.704269033043238,0.770562488801831,3.4511037784913,2.95850213800652,0.890313383589846,4.69686615068909,0.534958587029275,0.671185595723363,0.83721973855093,0.0963416056871482,0.298369150780438,0,2.49599301617432,1.0182202674822,3.70653770064336,1.6488461288335,1.00058252664821,0.980833230589867,2.54784293610016,0.278352918462039,1.1546337416412,0.767415564701468,1.27024537705117,0.236238087355901,2.66250292677469,0.86908052092839,1.94856305604628,2.21488635283158
"GTTGAACGTACCGCGT",2.21469222030784,0.0403442890011005,4.26441469485192,0.128222897986624,0.308781000925323,0.633198855183445,0.385360031016497,0.162836604841655,0.36102408227652,0.684334392493668,2.23361400753395,2.09324713104819,0,0.337819654946453,2.38972569147176,0.753273605103718,0.121563235080174,0.532732769026629,1.46634196427197,2.58941568920748,0.215687203764642,0.807205476621961,0.819608386282963,0.494959381154752,2.9755301412,1.08756265881197,2.6662276432562,2.85279601855462,2.30303939006855
"GTTGAACGTGAATGTA",0.115450404071835,1.08135568329322,0.528619684601057,2.57630048345656,0.851728861550474,0.508454695487923,3.13969172455458,0.723223470154349,0.47543710311206,0.283285386541414,0.0963416056871482,0.25032938456661,0,2.19480100172235,0.186987361223538,0.44594835548884,0.229937655133498,0.620540401417623,0,3.5669536638447,0.148830396504338,0.270339097030966,0.526215594646022,0.277795210079036,0.277458211983388,0.362640118070289,0.379512830545665,2.80192827421584,0.446468846225273
"GTTGAACTCGTTTACT",0.078428388590384,0.349637538987864,0.208798177071393,1.99253944418886,0.684071704335455,0.795246218586646,2.96194782264668,0.534958587029275,0.231808944671049,0.503781617484374,0.0778015424706905,0.0311162106964099,0,0.573240186092565,1.0474973739602,0.44594835548884,0.121563235080174,0.485757465480006,0.606138696355987,2.75027204782887,0.215687203764642,0.270339097030966,0.455585081118952,0,0.236238087355901,0.504210507897764,0.479601078161477,1.65343102778964,0.247946987100794
"GTTGTAGAGTTGCGAG",0.174261744001963,0.573999167625433,0.656890349742161,0.53730772001593,0.346029774855427,0.795246218586646,2.74563170138873,0.881597860192294,0.231808944671049,0.598127395086689,0.0963416056871482,0.274637717330291,0,2.47115266368793,0.252979493004953,0.44594835548884,0.062627683789039,0.577600048300276,0.606138696355987,3.08758766172697,0.148830396504338,0.658155134512703,0.455585081118952,0.277795210079036,0.427195035334462,0.628201721338839,0.570576812528938,2.6177078761119,0.612032565409206
"GTTGTCCAGAGGCGTT",1.59252023775082,2.0210042260649,0.770562488801831,3.04131193582254,2.74891099635513,1.09465761282293,0.211129075046876,0.633514959301253,0.756344882355118,1.03003424041522,1.18339067139099,1.92380992723256,0,0.862634639752492,2.23514627707205,0.753273605103718,2.03561109230841,1.18390144848425,0.606138696355987,2.62932891037251,2.34833186412985,1.33333614995037,0.767415564701468,0.673274728854775,2.02927918550453,0.837834243930647,0.379512830545665,1.66751744999225,0
"TAACCAGTCGCTGTTC",2.16445656779459,2.21616423478956,0.919994214231229,2.90797621798199,2.55216448166568,0.633198855183445,0.385360031016497,0.633514959301253,0.834817752948015,0.96980107903691,2.31873841602756,1.92380992723256,0,1.05621813295711,1.63163785012903,0.44594835548884,1.58469905003619,0.845433486048656,0.348308566071665,2.16012013547846,2.21749373380566,0.807205476621961,0.767415564701468,0.824553972425774,1.38241911928099,1.15863841481076,0.570576812528938,1.92505557065298,0.754039060943776
"TACGCTCGTAACTAAG",2.31222128367263,2.08867833482976,0.822893737649755,3.08479437754636,2.98235382904261,1.40920304227608,0,0.952275233266179,1.03891594785889,1.08684456072764,1.62247914116389,1.22436611538289,0,1.61912009389247,1.57368307552572,0.915726089541597,0.910875650539376,0.971418880872936,0.810933751842124,2.93514621097944,1.35804166870011,1.1546337416412,1.00477311942979,1.27024537705117,1.01477416996163,1.0110459550429,1.14867290004241,3.14571090976981,0.878364540649672
"TACTTCAGTACGAGTG",0.0268320779105439,0.546572291354047,0.528619684601057,1.88221228152186,0.709813399739306,0.690182640841684,2.54581265051956,0.534958587029275,0.419865993405176,0.503781617484374,0.184211692335066,0.146717610748839,0,1.19157065004857,0.284411185920995,0,0.177217854068633,0.384618859444128,0.810933751842124,2.6124179305186,0.215687203764642,0.658155134512703,0.654070197746588,0.95592636400035,0.148321279288279,0,0,2.29197655840078,0.446468846225273
"TAGACCACACGACGCT",0.103261392236746,0.90910107659109,0.919994214231229,3.57229872775709,2.57209740181681,1.01785505936273,1.96176462917729,0.881597860192294,0.756344882355118,1.03003424041522,0.382006567132357,0.274637717330291,0,0.271994124216577,1.7090053888652,0.31819711503541,0.121563235080174,0.910408912673007,0.348308566071665,3.60979559500929,0.337322146248238,0.482930628284431,0.819608386282963,0.95592636400035,0.427195035334462,0.837834243930647,0.802387020952649,3.89515318995576,0.446468846225273
"TAGACTGCATAATCCG",0.322615381601213,0.637633838702919,0.528619684601057,2.26087101362325,0.573918057173077,0.744093589990968,3.74650263640903,0.162836604841655,0.36102408227652,0.503781617484374,0.310485013142852,0.430022081262695,0.643101746343893,2.06202317219887,0.454708333426021,0.171701697747008,0.229937655133498,0.941379101657439,0.348308566071665,3.24732593738764,0.589108434605742,0.658155134512703,0.654070197746588,0.673274728854775,0.236238087355901,0.504210507897764,0.479601078161477,2.80999314043215,0.247946987100794
"TCACATTTCTGCGGGT",2.41210693099882,2.1942308790719,0.715340719829418,3.7028908626812,3.31744114778533,1.09465761282293,0.533691369718733,0.80554269985518,1.20833605363135,1.19161303916352,1.09267771861259,1.47745405628612,0,0.327145253126303,2.47977357529023,0.753273605103718,1.44256110447375,0.910408912673007,0.606138696355987,2.67841081829022,1.77402355140849,1.1546337416412,1.00477311942979,0.673274728854775,1.26924573232647,1.08756265881197,0.479601078161477,2.37115942339962,0.612032565409206
"TCAGTTTTCAAACGTC",0.103261392236746,0.269086860868831,0.528619684601057,0.699311696173862,0.559254876699788,0.57277065362727,3.68942711525405,0.80554269985518,0.714671478262108,0.763695965554657,0.0778015424706905,0.225415403905573,0,2.6762304663954,0.220527698545415,0.559212504518971,0.229937655133498,0.436466245074759,0.606138696355987,3.78090491226329,0.278352918462039,0.482930628284431,0.379584183463816,0.824553972425774,0.317046289216952,1.0110459550429,0.65396174463175,2.93641992556944,0.247946987100794
"TCATGAGTCACTGAAC",0.196850823938577,0.497730506278082,0.457735381049046,1.86328809305852,0.806625006936049,0.508454695487923,3.35002324232003,0.723223470154349,0.0833844434493967,0.598127395086689,0.217306041423912,0.298369150780438,0,1.01931025882277,0.874702578491124,0.559212504518971,0.177217854068633,0.577600048300276,0.348308566071665,3.16575143395826,0.337322146248238,0.658155134512703,0.654070197746588,1.07202694806219,0.355126648836527,0.197669248279261,0.570576812528938,2.85961350472223,0.446468846225273
"TCCCATGGTGGTCTGC",0.0268320779105439,0.0469128839925912,0.109838802731234,1.06526523553894,0.289623051779062,0.19959369759556,3.66565241787769,0.162836604841655,0.298502132108913,0.399598553965663,0.0778015424706905,0.119045813130454,0.643101746343893,2.06202317219887,0.152282912057905,3.58952411088753,0.062627683789039,0.811290801333701,0.348308566071665,0.144094736932117,0.337322146248238,0,0.526215594646022,0.494959381154752,0.823773550604952,0.362640118070289,0.143110642994697,0.474860036906319,2.08378210805348
"TCCTCGAAGGGTACGT",2.35956478114111,2.21316739444834,0.965223368099397,3.35939199963431,3.39490856686581,1.32477328320037,0.777193620403648,0.881597860192294,0.907578186218985,1.03003424041522,2.1285998829431,1.31320275926236,0.643101746343893,1.61023596250251,0.956961919673079,1.11859777174588,0.985962322484543,1.37893666558286,1.55814964235315,2.73026175202037,0.893752796092621,1.05167873526495,1.12413221154247,0.824553972425774,1.36895333784049,1.22499590782699,0.730925616602372,2.2108667474516,0
"TCCTTCTAGTGAACAT",0.078428388590384,0.570126797580305,0.208798177071393,2.66009020861217,0.96619970135396,0.508454695487923,2.05631122271017,0.302833285886884,0.36102408227652,0.399598553965663,0.184211692335066,0.119045813130454,0,0.556316867928967,0.941042488449236,0.171701697747008,0.062627683789039,2.21159576077471,0.980833230589867,3.60559305850742,0.278352918462039,0.270339097030966,0.767415564701468,1.27024537705117,0.148321279288279,0,0.268281279507575,2.82768555244667,0.247946987100794
"TCCTTCTTCGGTGCAC",2.25399617984275,2.22953997375216,1.04997171962448,3.76974332406302,3.41804189570287,1.26424703091843,1.65465822864169,0.80554269985518,0.796350869155527,1.03003424041522,2.36539966063271,1.61221072933704,0,1.15002933793783,1.79457782041201,0.559212504518971,1.6236788937294,1.37893666558286,0.810933751842124,2.87140433138919,1.52838259847847,0.807205476621961,1.0859072076212,1.35633560150832,1.6403593927874,0.73850117781697,0.931602745749479,2.19448522716655,0.612032565409206
"TCGAAGTGTTGCCGAC",0.272121084018771,1.24023553447277,1.04997171962448,3.67623260577765,3.67831278793943,1.48705608632747,4.47973874115218,1.19361241524315,1.57406407477065,0.905706027889798,0.200895765125034,0.509051845859288,0,2.79581221144958,0.891704689908307,3.20285917982563,1.79859772330829,1.39843361645703,1.64223286761302,2.93102085666225,0.495856913618938,0.936894471746855,1.1609497016979,0.277795210079036,0.84688878990842,1.45357660668446,0.570576812528938,2.03742828201311,2.67461860823692
"TCGGATAAGTAGGTTA",0.151150581454531,0.704269033043238,0.109838802731234,2.35733508160007,1.12077275548442,0.57277065362727,1.34047582669685,0.425616138698798,0.298502132108913,0.399598553965663,0.280379845048011,0.225415403905573,0,0.868897069415827,0.644320845443946,0.31819711503541,0.28001671709365,0.775941060155024,0.810933751842124,3.39026456625986,0.278352918462039,0.482930628284431,0.379584183463816,0.673274728854775,0.148321279288279,0.197669248279261,0.143110642994697,2.75589902523815,0.612032565409206
"TCGGGTGTCTCCATAT",2.70842208142449,2.65961472700673,1.04997171962448,3.78165906741378,3.57597261492941,1.2325522730793,0.879805391426117,1.24583081547558,0.907578186218985,1.97715894028865,0.856630345832647,2.37051023059996,0,0.749695081742222,2.63573460060492,0.753273605103718,3.23339611843192,1.45474243853551,1.36524569116229,3.12573325874842,2.63320669169712,1.48489368082083,1.00477311942979,0.673274728854775,3.40626628612645,1.08756265881197,1.69779055636748,1.49380734440664,1.08847575402188
"TCTCCGAGTTGCGTAT",1.22975214000726,1.78175981735862,0.594810279193789,3.03013934028024,2.75056334510936,0.508454695487923,0.777193620403648,0.425616138698798,0.298502132108913,0.503781617484374,1.70667856563229,0.96006812661754,0,0.379413060902771,1.11714629295022,0.31819711503541,1.18235997667972,0.485757465480006,0,2.33960224499706,0.215687203764642,0,0.455585081118952,0.824553972425774,1.35530375123471,0.504210507897764,0.570576812528938,1.45304880722389,1.08847575402188
"TCTTTGACAAGCTGCC",0.218940888882419,1.02388788356012,0.528619684601057,3.3541478891678,3.46032976802373,0.890313383589846,2.14268583210829,0.534958587029275,0.47543710311206,0.83721973855093,0.114544182488019,0.388034546344894,0.643101746343893,1.11159687013394,0.821889804134302,0.44594835548884,0.37322610740097,0.941379101657439,1.36524569116229,3.09813614310223,0.495856913618938,0,0.869211711750549,1.07202694806219,0.236238087355901,0.504210507897764,0.931602745749479,3.64461016562591,0.446468846225273
"TGAGACTCACACCTTC",0.0909219731917221,0.514277579661826,0.528619684601057,1.80651618906695,0.644172397353407,0.633198855183445,0.662835924437112,0,0.36102408227652,0.151640655414754,0.249340148913955,0.173644253491974,0,1.32273527685691,0.152282912057905,0.31819711503541,0.28001671709365,0.485757465480006,0,2.47880837923464,0.215687203764642,0,0.526215594646022,0.277795210079036,0.0519234989354929,0.197669248279261,0.379512830545665,3.10734363798955,0.247946987100794
"TGAGGGACAGTTTGGT",0.0268320779105439,0.401477238481809,0.381440532556878,1.53450946244998,0.498352564105827,0.439716121073778,1.27697863918836,0.302833285886884,0.298502132108913,0.763695965554657,0.167244531521055,0.0905864418661721,0.643101746343893,1.19157065004857,0.401101544250456,0,0.121563235080174,0.485757465480006,0,2.39055801434405,0.337322146248238,0.270339097030966,0.526215594646022,0.494959381154752,0.101283506151842,0.504210507897764,0.268281279507575,1.95487943028089,0
"TGAGGGAGTGGCAGAT",0.115450404071835,0.84045174432142,0.528619684601057,1.53155608826078,0.722439949614788,0.977122203123088,3.14981798112653,0.302833285886884,0.625722379363291,1.03003424041522,0.368105637577995,0.388034546344894,0,0.784256842923254,0.344457480235265,0.31819711503541,0.177217854068633,0.661712547556273,0.606138696355987,2.80800709247062,0.714465808188522,0.936894471746855,0.767415564701468,0.824553972425774,0.236238087355901,0.628201721338839,1.04601622681305,3.49891096947648,0.612032565409206
"TGGATGTTCCAGTGCG",1.03747599700809,2.40696052058299,0.528619684601057,3.64670597389375,3.40782642621045,1.05699348397328,0.662835924437112,1.08020667864408,1.00766300635509,1.37304588240268,0.848005051674932,1.80639620445284,0,0.327145253126303,2.08342509979632,0.753273605103718,0.741325999221899,1.71094549454808,0.348308566071665,3.25333369766595,1.62769854136135,1.05167873526495,0.869211711750549,1.17603946140477,1.50795445818087,0.73850117781697,0.802387020952649,2.26617680610825,1.1790044739465
"TGGTTAGCACGAGGTA",0.174261744001963,0.981086074264851,0.457735381049046,1.28074520541325,0.630510842800364,0.365901488286527,2.19638421304527,0.633514959301253,0.578093405915924,0.598127395086689,0.0589112416613291,0.298369150780438,0,1.52327405790486,0.152282912057905,0.171701697747008,0.121563235080174,0.272088267883804,0.810933751842124,2.84922100609645,0,0.482930628284431,0.712347918851285,0.494959381154752,0.101283506151842,0.197669248279261,0.379512830545665,2.95897216914176,0.247946987100794
"TGTCCACAGCCAAGGT",0.103261392236746,0.3782463222571,0.656890349742161,1.20168265210462,0.616660062066926,0.365901488286527,1.50985543301332,0.534958587029275,0.298502132108913,0.283285386541414,0.184211692335066,0.199864822791982,0,1.05621813295711,0.284411185920995,0.44594835548884,0.062627683789039,0.436466245074759,0.348308566071665,3.13588893765449,0.215687203764642,0.270339097030966,0.819608386282963,0.277795210079036,0.193245542963031,0.197669248279261,0.479601078161477,2.21734494767354,0.612032565409206
"TGTGAGTAGACTGGGT",0.127492631261743,0.82553678455,0.298840409971135,2.7240247743202,2.54610629564716,0.795246218586646,1.60868161635891,0.302833285886884,0.47543710311206,0.283285386541414,0.0963416056871482,0.25032938456661,0,0.589881865215786,0.727153672760239,0.31819711503541,0.229937655133498,0.532732769026629,1.25276751429767,2.67841081829022,0.148830396504338,0.270339097030966,0.592184855893236,0.494959381154752,0.101283506151842,0.197669248279261,0.479601078161477,3.35297647796759,0.247946987100794
"TGTGAGTGTCAGGTAG",0.127492631261743,0.82553678455,0.656890349742161,2.77988103589338,2.63704297874344,0.633198855183445,1.34047582669685,0.534958587029275,0.231808944671049,0.503781617484374,0.0963416056871482,0.061293349698642,0,0.699209520772584,1.20716091930659,0.753273605103718,0.121563235080174,0.532732769026629,0,2.44578109953588,0.148830396504338,0.658155134512703,0.819608386282963,0.95592636400035,0.148321279288279,0,0.931602745749479,3.23008942765498,0.612032565409206
"TGTTGAGAGCATTTGC",0.127492631261743,0.889560487402799,0.457735381049046,2.25227615443534,0.771409790769602,0.365901488286527,3.84671605120586,0.534958587029275,0.36102408227652,0.684334392493668,0.0778015424706905,0.199864822791982,0,0.83718521419007,0.766131559485268,0.31819711503541,0.177217854068633,0.620540401417623,0.348308566071665,3.0840466287485,0.278352918462039,0.807205476621961,0.379584183463816,0.494959381154752,0.0519234989354929,0.504210507897764,0.479601078161477,2.91334732042289,0
"TTAGTCTAGAGTCCGA",0.115450404071835,1.11341410621098,0.715340719829418,2.70408024637636,2.43027074011093,0.934659469128532,1.34047582669685,0.302833285886884,0.714671478262108,0.283285386541414,0.264980424988615,0.298369150780438,0,0.337819654946453,1.54777883741407,0.44594835548884,0.229937655133498,0.941379101657439,1.36524569116229,2.59521604283665,0.215687203764642,0.807205476621961,0.654070197746588,0,0.148321279288279,0.362640118070289,0.479601078161477,3.73704759690097,0.754039060943776
"TTCTGTAAGGACTAAT",0.078428388590384,0.843408226156864,0.770562488801831,3.26679299656304,2.76531289315419,0.934659469128532,1.7407179386506,0.425616138698798,0.419865993405176,0.684334392493668,0.114544182488019,0.470317473436162,0,0.201528353523594,1.54777883741407,0.44594835548884,0.229937655133498,0.701256368802177,0.810933751842124,1.31167497652173,0.0771814574470346,1.33333614995037,0.654070197746588,0.673274728854775,0.236238087355901,0.837834243930647,0.268281279507575,3.21472685001358,0
"TTGACCCTCATCGGGC",0.162772926971699,1.01894643090521,0.298840409971135,1.71481578759814,0.783286520662989,0.633198855183445,1.99428356876795,0.425616138698798,0.578093405915924,0.763695965554657,0.422586234684582,0.061293349698642,0,0.941138042462706,0.6224943246332,0.6609431504104,0.229937655133498,0.775941060155024,0.348308566071665,2.79861310778307,0.445753540129428,0.270339097030966,0.712347918851285,0,0.526405876424891,0.197669248279261,0.65396174463175,2.36281975927021,0.446468846225273
"TTGAGTGGTCTACTGA",0.174261744001963,0.84045174432142,0.594810279193789,1.46743077923005,0.684071704335455,0.633198855183445,2.40767328942889,0.302833285886884,0.714671478262108,0.283285386541414,0.132421340129519,0.146717610748839,0,0.94692901818536,0.554001986265985,0.31819711503541,0.062627683789039,0.577600048300276,0,2.79388281423836,0.393006794672527,0.807205476621961,0.109230270077757,1.07202694806219,0.277458211983388,0.362640118070289,0.479601078161477,3.41675446496434,0.247946987100794
"TTGCTGCGTTGTGCCG",1.52383199109246,1.94645829972248,0.298840409971135,2.73916853457166,2.39084070293743,0.744093589990968,0.211129075046876,0.633514959301253,0.625722379363291,0.83721973855093,0.132421340129519,1.26085313751873,0,0.176891393884737,1.8921732853108,0.6609431504104,0.82968991450432,0.811290801333701,0.810933751842124,2.3321061695826,1.85253326927089,0.482930628284431,0.297328524433437,0.494959381154752,1.20746283531335,0.73850117781697,1.24176539442063,1.68691091701253,0.446468846225273
"TTGGGATAGTGATTCC",0.292625765047823,0.846355992966949,1.08979635821329,3.17450865182121,3.3061383916168,1.29496801557891,0.879805391426117,0.952275233266179,1.09863590934216,1.03003424041522,0.339710285005116,0.509051845859288,0,0.573240186092565,1.62356141266879,0.915726089541597,0.609871556036408,1.08329318495761,1.12601556294001,3.43370480563884,0.393006794672527,0.658155134512703,0.869211711750549,0.494959381154752,0.494416894749558,1.2872227617531,1.28525140980371,3.54232060830517,0.446468846225273
"TTGTGGAGTGAATATG",0.078428388590384,0.0979638728883995,0.457735381049046,1.49234673436179,0.0255120755378255,0.365901488286527,4.12144913399974,0.162836604841655,0.298502132108913,0.83721973855093,0.149984509999225,0.199864822791982,0,2.48860548451304,0.401101544250456,3.72928266495204,0.121563235080174,3.13407478795383,0.348308566071665,0,0.215687203764642,1.4119833822815,0.526215594646022,0.277795210079036,0.526405876424891,1.2872227617531,0.379512830545665,0.659548986828635,2.71267946977936
"TTGTTGTCACGCGCTA",2.34403133517819,2.30555792097711,0.919994214231229,3.74902608559181,3.309920189482,1.32477328320037,0.777193620403648,0.952275233266179,0.671185595723363,0.83721973855093,2.30268795638074,1.49886201027536,0,1.46653222232038,1.59058712807247,0.44594835548884,1.44256110447375,1.23064799933058,0.980833230589867,2.75521267743835,1.10059428864715,0.482930628284431,1.04616278046788,0.277795210079036,1.48407655541428,0.628201721338839,1.04601622681305,2.63911148332403,0
"TTTACCACACAAGGTG",2.13916046077444,2.39201386345032,0.594810279193789,3.65664536906489,2.97578522302409,1.05699348397328,0,0.881597860192294,0.796350869155527,0.684334392493668,0.280379845048011,0.935569160833596,0,0.213622892250372,2.26119872937094,0.559212504518971,1.18235997667972,1.25322655405498,0.348308566071665,2.69947489723867,0.589108434605742,0.658155134512703,0.712347918851285,0.494959381154752,2.20836940977623,0.928185707733131,2.55311222696615,2.00801195110744,1.40984290511646
"TTTACTGAGCATGGGT",0.065776737432921,0.960292067763513,0.594810279193789,1.72705296620425,0.327578811759776,0.508454695487923,2.91209576078222,0.162836604841655,0.36102408227652,0.151640655414754,0.0963416056871482,0.119045813130454,0,1.29458512771614,0.505587057592357,0.171701697747008,0.062627683789039,0.485757465480006,0.810933751842124,2.4722896113181,0.148830396504338,0.270339097030966,0.712347918851285,0.494959381154752,0.0519234989354929,0.197669248279261,0,2.0316138344168,0.247946987100794
