,AACAAGATCCTGATAG,AACACACTCTAAGCCA,AAGATAGCATGCGTGC,AATCGTGGTATCATGC,ACAAAGACAACTTGCA,ACAAGCTCATTCCTCG,ACACTGAGTTGACTGT,ACATCGACAGAACTTC,ACATTTCAGTAACAGT,ACGCACGAGTGATTCC,ACGGTTAAGACTTCCA,ACTACGACAGTCACGC,ACTTCCGCAACAGCCC,ACTTCGCTCTCCGTGT,AGAACAATCTGGTGGC,AGACAAAGTGTCTTCC,AGACACTCACCAGGTC,AGACCATAGAACCCGA,AGGTCTATCCGAGGCT,AGGTTACGTCGTACTA,AGGTTGTTCTCGCAGG,AGTGATCCACGAAGAC,ATACCTTAGACCTCAT,ATCATTCGTCGCTGCA,ATCGGCGAGAGAGCGG,ATCGTCCAGACTCATC,ATCTTCACATGGGTCC,ATTGTTCTCCGAACGC,CACACAACAAATCAGA,CACGTTCCACTGAGGA,CACTGGGAGACGGTTG,CAGAGCCAGACGACGT,CAGCAGCAGCGTCTCG,CAGTTAGTCGCAACAT,CATACAGCATCCGTTC,CATACAGGTACGATGG,CATTGCCCAAGGGTCA,CCAATGATCGTAGGGA,CCAATTTGTGGCCCAT,CCACACTGTGCGTCGT,CCCAACTAGGAACATT,CCGATCTAGGCCTGAA,CCGTGAGAGGCATGGT,CCTCAGTAGCATCCCG,CCTCTCCCACCTGAAT,CCTCTCCTCCTAGCTC,CCTTCAGTCTTACCGC,CGAGTGCTCATTACCT,CGCATGGAGTTTGGCT,CGTTGGGAGGTCCGAA,CTAACTTTCCATCTCG,CTCAACCTCAGTCCGG,CTCAGGGGTCAACCTA,CTCATTAGTCCATAGT,CTCCATGCAACTGAAA,CTCTCGAGTGTGTGGA,CTCTGGTTCTCTTAAC,CTGAGCGAGTTGGCGA,CTGCATCCACGGTGCT,CTGTATTAGGTCGTCC,CTGTATTTCCAATCCC,CTGTCGTCACTCCCTA,CTGTGGGGTATGAAAC,CTTTCAATCCTCAGGG,GAAGTAAAGCCAGAGT,GAGAAATTCTAGAGCT,GAGTTACGTCCACATA,GAGTTGTTCGTCCATC,GATCATGAGAATCGTA,GATGACTCACCCTAGG,GATTTCTGTCCACATA,GCAACATCAAGTGGTG,GCAACCGCAGGACATG,GCATCTCTCCTACACC,GCATTAGGTTCTCAGA,GCCTGTTAGATGCGAC,GCGTTTCTCGCGATCG,GCTACCTAGAGAGGTA,GGACGTCTCATGGCCG,GGCTTGGAGGTAGCAC,GGGATGACAAGACGGT,GGGCCATAGGTATAGT,GGGTCTGAGTCCGTCG,GGGTCTGTCCAACACA,GGTGTTAGTCTCAGGC,GGTTCTCCATCTTCGC,GGTTCTCGTAGGATAT,GTAACACCATACTGTG,GTAGTACCAAGCCTGC,GTCCACTAGTCCGCCA,GTCGAATAGGGAGGAC,GTCTCACCAATTGTGC,GTGCGTGAGGCCCAAA,GTGCGTGCACGTAGAG,GTGCTGGTCGTCAACA,GTGCTTCAGAGCATAT,GTGGAAGTCATATGGC,GTGGGAAGTTCAAAGA,GTTACCCCATGGAATA,GTTGAACGTACCGCGT,GTTGAACGTGAATGTA,GTTGAACTCGTTTACT,GTTGTAGAGTTGCGAG,GTTGTCCAGAGGCGTT,TAACCAGTCGCTGTTC,TACGCTCGTAACTAAG,TACTTCAGTACGAGTG,TAGACCACACGACGCT,TAGACTGCATAATCCG,TCACATTTCTGCGGGT,TCAGTTTTCAAACGTC,TCATGAGTCACTGAAC,TCCCATGGTGGTCTGC,TCCTCGAAGGGTACGT,TCCTTCTAGTGAACAT,TCCTTCTTCGGTGCAC,TCGAAGTGTTGCCGAC,TCGGATAAGTAGGTTA,TCGGGTGTCTCCATAT,TCTCCGAGTTGCGTAT,TCTTTGACAAGCTGCC,TGAGACTCACACCTTC,TGAGGGACAGTTTGGT,TGAGGGAGTGGCAGAT,TGGATGTTCCAGTGCG,TGGTTAGCACGAGGTA,TGTCCACAGCCAAGGT,TGTGAGTAGACTGGGT,TGTGAGTGTCAGGTAG,TGTTGAGAGCATTTGC,TTAGTCTAGAGTCCGA,TTCTGTAAGGACTAAT,TTGACCCTCATCGGGC,TTGAGTGGTCTACTGA,TTGCTGCGTTGTGCCG,TTGGGATAGTGATTCC,TTGTGGAGTGAATATG,TTGTTGTCACGCGCTA,TTTACCACACAAGGTG,TTTACTGAGCATGGGT
CD3,0.0968211685810863,0.1283290106783993,0.1456315345203312,0.09580153538199786,0.0928640639680517,0.10436444891537613,0.10436021819419473,0.15167841129760326,0.15381350535432167,0.09459430367088978,0.08893788170040963,0.15404131917170438,0.1413693314853492,0.10648449228689241,0.08931462395669795,0.15294565545019745,0.1003416952262468,0.07914091205328844,0.10214056283835654,0.10081672361968924,0.13642657133340702,0.154767361519112,0.10056068779182505,0.09557931840058788,0.13097474904498804,0.0938068834946838,0.08984632822701329,0.13986540481598536,0.09127179188199726,0.1439667587716566,0.09951497145142815,0.12569994041387075,0.14831171995512316,0.0955645238263555,0.1312118795457529,0.13197002232149802,0.10194806106049832,0.10385744574473366,0.1019002450965569,0.11989213797465985,0.08915076477170884,0.10392506294202775,0.08399793499282394,0.11166005104003077,0.1100201104148755,0.08206952121851886,0.11316017050334064,0.11231208788352529,0.10530601653760815,0.10373413760734532,0.15109041009612567,0.14869575354996542,0.09380204863606419,0.08626991779354745,0.0977675788247597,0.16048498547322237,0.1291175724520554,0.0948570947582357,0.10181021885195325,0.10151557770726537,0.08610607926750935,0.10900274578656441,0.0918545572140146,0.09510934203302242,0.09027815850310207,0.10994255725059046,0.1458440002730387,0.09086793832975215,0.10631672936174551,0.15481037817388502,0.12721052250052892,0.14871557366096314,0.10037211179954036,0.15169943116752094,0.09219857420762063,0.13450216048908362,0.12394647070298034,0.13076297770458145,0.14173971810138059,0.09283017082999537,0.13189927681368077,0.0836025955168404,0.09906113600324926,0.08730382751323562,0.09596886130346136,0.15949431334558634,0.13879455092950096,0.10496953106841107,0.09035704756924598,0.12750585996476815,0.12347941404467952,0.08650207300352283,0.09986915276073308,0.14648711015137839,0.12196077251505626,0.14840066938307273,0.08923937486773084,0.1523129994778042,0.13244680992597085,0.13593262239351322,0.08842492578341529,0.08687111348252846,0.09811259590402219,0.1565314889522104,0.13880871386924074,0.14558763056395213,0.10031367033499466,0.10207129683149135,0.08930979760638784,0.1486615166189118,0.09704790983125239,0.08306151046320812,0.1080571576977759,0.15312954587417413,0.0918953190263955,0.15617894335566734,0.1273075330541461,0.10166352457240477,0.13840223894279582,0.1451917718321828,0.1039515983565046,0.10019257239628938,0.10780081860277935,0.09616851558440713,0.14895923581524204,0.09271317904032826,0.0991938163296313,0.09441855382428395,0.10197785948598578,0.08905421825899107,0.10616465322300318,0.09265556397402915,0.09402303075529787,0.10873745711758141,0.15001420467147786,0.0961095433490687,0.11751074695457556,0.13025172425109124,0.1344115344126622,0.10409803703672235
CD4,0.11204976889670135,0.12542942801059961,0.13947398318660867,0.10831062779746942,0.11598420216398042,0.11927903627071247,0.12276919942984518,0.14776327473981143,0.14336945429156617,0.11395553921914761,0.11677780754409299,0.13641120884716235,0.14232273006625176,0.12243487083788689,0.11494315590867961,0.14248065258365492,0.11010211307368116,0.10034592358312763,0.12214366163809612,0.11747455071186612,0.1310778309769795,0.14495164430676988,0.12035772853768081,0.12510529115097943,0.09738437258898713,0.11780253245399189,0.10937865753998177,0.14132879347774754,0.11449563992310065,0.13223324698424,0.12161280859157614,0.09208608850906644,0.10598501148047994,0.11347906936213696,0.12580310740674905,0.12282571756293355,0.11706159198223334,0.12218758825937372,0.12059624820596336,0.12849257313619783,0.1148667989800662,0.12386430385411418,0.10856594964590813,0.08718529736919407,0.12017568039368903,0.10398083417209046,0.07854730871530563,0.12542287471844818,0.11603850591099334,0.11842168329486756,0.13665443230132537,0.13470310049758977,0.11913315096270125,0.11079949086770717,0.11827714897846858,0.1419751016552074,0.130513474365072,0.11334406395335522,0.11859946826863277,0.11727112425454657,0.10626182204435375,0.12184700277821367,0.1090807660721817,0.11566460951308456,0.11432335929981607,0.0845090542920248,0.140982151624808,0.10843078778612324,0.12304750453084838,0.14694319947572398,0.12221966951211446,0.14094826368787475,0.11998136920623222,0.12954973780846823,0.11122279384452208,0.11832515293386694,0.09212767199128949,0.08860205135574253,0.13191296601198016,0.11196808151158778,0.10107766141596335,0.11292198496967594,0.11720589858349922,0.11433518815066068,0.11885740904989092,0.14918342227867926,0.13064694667973895,0.1216094161437052,0.11653779224311975,0.09667332251579186,0.12978196796366376,0.09908385946312392,0.1200312465505374,0.13841611454157374,0.12933754364348063,0.14039323155183547,0.10586130477234693,0.14128356711500029,0.125456427205551,0.09886282841375114,0.11600213556987117,0.11357427059248963,0.12132575675147972,0.1432003316240241,0.1398422618262553,0.13527708333850127,0.12004638805562567,0.12085370557782144,0.1113027795806886,0.14016588287763562,0.11658178543739468,0.10944460923008709,0.07984722070127319,0.14470201331078597,0.10899369891420616,0.14312474978653672,0.11952322074617226,0.12039002658283657,0.1390998756619932,0.14030636450109532,0.12290426006472525,0.11862411605078287,0.1199385782102777,0.10882562053658816,0.13871685192410557,0.11433686089372928,0.11905611129898286,0.11191474835486304,0.12313183466759986,0.11156241033687894,0.12271854934231814,0.11406828879788491,0.11554333118218335,0.12451052066503271,0.1383390944375988,0.11047305174847795,0.08830089429268348,0.12896157534688038,0.12789036435887632,0.11990580696078516
CD8a,0.1784608393375816,0.1687748061071825,0.18416352871257935,0.1835183920996001,0.16474044886438063,0.18122205304342817,0.16102491887193138,0.17601881411707246,0.1717078349477295,0.1741868242384023,0.15655697388853526,0.17521074269030742,0.17845924666158489,0.17696441700994778,0.1538020898092796,0.17014637454192474,0.18687575718305555,0.14503513492852024,0.1706248173110212,0.17145429552944955,0.15666614670398304,0.1771302791901733,0.16226776894177794,0.15986934199025743,0.2137461264119287,0.1733912942543162,0.18122610348712856,0.16220425685240816,0.16884947493183997,0.17894524399806516,0.16388742570499842,0.1975201635771201,0.20997722543840638,0.16353793384873536,0.18225354739292673,0.1738230277747175,0.17325830628763972,0.1753851460117736,0.1748407355757206,0.1479289577095976,0.17259705966322986,0.1717647538787205,0.15466295925121523,0.17995781122698395,0.17837921099093898,0.11980531146008769,0.19551038557131006,0.1745898977217304,0.17997927734061137,0.17604917160750577,0.187590434822227,0.1790646122908525,0.1523981840136178,0.17558582907385417,0.1815819449459552,0.1680837834509145,0.1523886540952851,0.1654054798285726,0.1723214723371757,0.17800085868424015,0.17331727190303148,0.16263485118239074,0.16666150956853268,0.15543615829196916,0.17325209636773173,0.17498403076283287,0.17530655436050427,0.17974341942387045,0.1705636353262328,0.1727133749364424,0.13969074446578877,0.1708225590840801,0.1772241259592918,0.18207754547754787,0.18119863775203773,0.18497229100510154,0.19689898553409266,0.1953204003337375,0.18153414548607713,0.17752055780513984,0.200259208978276,0.1688115745495663,0.17180734572601047,0.1648884829218388,0.16237125273630207,0.1701545542539742,0.162000558665301,0.17561012659302327,0.1634465338155252,0.1913999811695271,0.15683739280350775,0.16860974913757287,0.17206698146778276,0.1771867966975584,0.1772856772965056,0.16489867630873267,0.1711383152087803,0.18139070559494685,0.18279532581927496,0.2151475267920372,0.15900082643084174,0.16257525392217495,0.16744942158335824,0.18119133067198637,0.16153624046252768,0.1703730570981622,0.15820794421273307,0.16588967903339522,0.18035258972846255,0.1709823613529966,0.17646920320391254,0.17357183294049391,0.1813149253339393,0.16830361859609758,0.18022994496480238,0.16598792313026295,0.174600443316141,0.16561212076482268,0.16304444776635632,0.17195397326796302,0.17550088662353305,0.16993547364716421,0.17510920507621083,0.17781242004387357,0.1635965752618315,0.1746490241953934,0.1643844744459465,0.17431211512946676,0.1686281364788988,0.17333468411482225,0.17178457376263334,0.16781943653547118,0.1675599035150557,0.16120086053808305,0.18378645538879523,0.18463211757587605,0.19489226073996263,0.16621022360804558,0.1741682542133034,0.16944110382730856
CD11b,0.17647110249806336,0.19779417113276385,0.20582045718189457,0.16719914856848833,0.19513688029121834,0.19597248897150857,0.2045352350178131,0.21180841622784444,0.1994197035795032,0.1916926203236915,0.1970915163639532,0.1778113208509506,0.21057045973889738,0.20260523641563655,0.18420709748110425,0.1844554603457617,0.17413086417408666,0.17196338875735193,0.20083740875755773,0.1848282944112369,0.19271427307658268,0.19350075378062714,0.19836435883115452,0.196023470871298,0.08974228971176622,0.19265712353700254,0.17300577394208966,0.21340441698460927,0.19807150001328455,0.18015060231086302,0.19522253118109528,0.08220005577805338,0.0954374353959074,0.18933827774350778,0.1970450856133829,0.18899309960467867,0.19528696017034075,0.20604154032918173,0.19934864668245486,0.18960750406438018,0.1874243699205072,0.199041992413562,0.19248918762015974,0.0650773375602562,0.18720064013121043,0.16900810097317068,0.05773787390475253,0.1895597847688555,0.2002431027454359,0.19446274667704777,0.17236294879676667,0.1817677690929997,0.1896537409496963,0.18742970091293282,0.19211094312200525,0.1831160031882843,0.19721996957594934,0.19367095371197002,0.19768612014141854,0.18518494310918637,0.18030023729684122,0.18848313102421163,0.1869040919038349,0.19120742973580074,0.19022418562825996,0.08312168252811519,0.20454583778836954,0.17389239470070955,0.2101258589646662,0.20008056912106034,0.17699526202965096,0.19256502678989368,0.20468870620922647,0.1900616656397761,0.1921706358642361,0.18875303117968875,0.08445982248715822,0.08150211097960927,0.16839709965567748,0.17491954988951822,0.07809336945652029,0.19004648918801512,0.20593759220433197,0.18799650693172454,0.19420507707610327,0.18677543130581764,0.18245388771684012,0.18993295066296853,0.20079297224191114,0.0992487788668609,0.19303166289713397,0.17774530258348653,0.19862654086899287,0.19962214878070142,0.19184019461164356,0.18722623393974178,0.17865467839008387,0.19770063667689294,0.1904323851274579,0.07767069265895898,0.19787988347456575,0.19527906286013352,0.18995778234832977,0.189733009096081,0.20497589507027933,0.1944504620959222,0.1937885700151543,0.19647419574221617,0.1884782638970466,0.1926591873043809,0.17218013044677064,0.18504787350150576,0.0554766585899303,0.19603445634958402,0.18919494063265357,0.193199846440056,0.18843552711870012,0.19731523704690346,0.20703434975422755,0.19863262808349397,0.19696658179600865,0.19515950910730953,0.19479873140926282,0.1755413229566381,0.17336189664159582,0.18580881089665469,0.19192266939157995,0.18395497948041697,0.2065884526802331,0.19211663580317404,0.20482197204890198,0.1959317867541308,0.18672089324412228,0.19159892051217164,0.20278387802407746,0.1960085274222719,0.08407876648910519,0.20522066679648765,0.19609355131795814,0.18863323015354047
CD14,0.1233520570715363,0.14911018256002614,0.1549214527045189,0.11189291846156173,0.13726141475509204,0.1410847892732825,0.1482891323433854,0.16328776842571702,0.1572978857561171,0.13791007523582144,0.13463346275245083,0.1373955484173751,0.16062666341449797,0.1464545224158449,0.13141735968467272,0.14198780208106948,0.11929774601837238,0.11960314805698004,0.13795091723678374,0.12141853581467225,0.1429226219358593,0.150093499133948,0.13864646761643304,0.13127157519818264,0.06870457517192968,0.1324829466395467,0.11920177054858906,0.15752719850672636,0.1342387395167618,0.13241216533854638,0.13533978068926691,0.055853359796632945,0.07598841956297779,0.13903968542053555,0.14734267950377034,0.13719014893540749,0.14138699694335904,0.14281821797974426,0.1443633866803304,0.141403839382182,0.13783473861922507,0.135925414157665,0.1305385459928041,0.05349902249092073,0.138131865730365,0.11526078360544949,0.04464381795146188,0.13210016569887278,0.14612941188102085,0.13636696400558568,0.12841970676154144,0.13801950676906716,0.12869158125049002,0.1305922509116994,0.13649520428653197,0.13953907856660733,0.1478550756224765,0.13924828536257902,0.1331669338441296,0.128850566906374,0.11878376674480233,0.12859939686483163,0.12640702045681798,0.14057737022795222,0.12251996069009885,0.06865262934204036,0.1562749417832439,0.11752936125828352,0.1509191215579287,0.15249504228404892,0.13939713625466676,0.14463113101561165,0.14493201596821284,0.13667260417062507,0.13188348865239613,0.14138794862361054,0.061004379701518896,0.03701248774136406,0.12341179146078952,0.12098778897746108,0.05720993763981249,0.13257211180784437,0.14857060897726487,0.12510187030294947,0.1355578360130886,0.14293672196703347,0.14631224103792528,0.12686370294900107,0.13703518750108584,0.06932633697505033,0.1452419144937829,0.12832826636339853,0.13646443635597771,0.1482617279436914,0.12937959668192392,0.14303084758221177,0.12791225396026457,0.14699204580765898,0.1406677110213372,0.05585124479137362,0.1349810914053597,0.12686273938061837,0.12699748564227378,0.1439700757214303,0.15437577338176323,0.15357474990461847,0.13345320523873003,0.1381584334033602,0.12764803676053407,0.14711945280121505,0.11875138590317537,0.12720326071278007,0.03584566512460709,0.14970851279262945,0.13716832892311895,0.1501623474991544,0.13527395667671022,0.1359921355058376,0.15760044160102493,0.1477194885750782,0.1405554679951623,0.13378421669606066,0.13059847587145398,0.1287537894281841,0.13220441962157203,0.13300063592444383,0.1273666988354413,0.13369244047646986,0.14504731531134019,0.1356417582848177,0.1420773522086262,0.1366584686821666,0.1251955216910615,0.1364295958679073,0.15049977904997833,0.14251801346786963,0.058180427448096275,0.15448058572448556,0.14119915245176778,0.12742962249629944
CD15,0.13915077204593732,0.13099183136071468,0.14430527568637253,0.1401688950655862,0.13852115834429743,0.14609631802574755,0.13773579391202564,0.143951220022184,0.13905473069451196,0.14329683732471654,0.13503996878382915,0.1371701077249537,0.145997120563259,0.14429126665366515,0.136510163549861,0.13919181843439252,0.14023892669902008,0.11844363976675237,0.14077771411518636,0.13644609966408838,0.12435286335366945,0.14430296526594452,0.13703935991813057,0.14010701709963094,0.144730564389997,0.1435834261465449,0.1442352445758281,0.13440245315828112,0.1364975760524352,0.13729798091472512,0.13882144772262994,0.13873432783161121,0.14815924414349035,0.13510269130119068,0.14275841297691827,0.1344045048460171,0.13921440222183076,0.14150509542859988,0.14545484928845942,0.12877421751121484,0.14769147241961392,0.14167071217053656,0.12786992176124395,0.1415796678967132,0.1428066145172832,0.10899540645334509,0.1379642987165557,0.14361420650472778,0.14226020608984524,0.14009858277110845,0.14504776319897636,0.14109923862352858,0.13337878091243766,0.143678216894551,0.15029094555073524,0.1319019762994326,0.12710510009656098,0.13447131625422593,0.13656474179694822,0.14252823221754307,0.13405847627182865,0.13223088862598398,0.13182899382215546,0.1327458551528631,0.14060900958930383,0.13309436617269768,0.14041566493942514,0.14165473886529076,0.1400261669517178,0.14099036680664598,0.11555180400545113,0.1384856755232233,0.14325713980980473,0.12950745806539654,0.14264649972931745,0.13131130208479588,0.1410359197530623,0.1254773703062708,0.13918548891070792,0.14251955567031296,0.15102967678018014,0.14441674031051502,0.13940567597074194,0.13824347945711116,0.13764726436287575,0.1414482921162463,0.13413048442752248,0.14003082823915972,0.1369059482862792,0.13697672253532348,0.13295902465191017,0.12812706161532417,0.14101916497121691,0.13767567240159415,0.1396587903414942,0.13697369357862973,0.1349439892920393,0.1423908123605213,0.14251641651345875,0.150893401520395,0.13543139262358733,0.13358979519123265,0.13980142087806868,0.14165950550462167,0.13468290573024722,0.13553571668132916,0.13201843141409,0.13784940619895522,0.1421825772384732,0.13762166900124095,0.14460159236790593,0.14195032215068878,0.1311733183981643,0.13684642252810797,0.14488741638137204,0.13291094194974365,0.13530944236452294,0.1374405405250275,0.13560360089286705,0.13871706360022534,0.1460240606564764,0.1359971343880122,0.13556888417950322,0.14084387632442724,0.13514565612473994,0.14460506598398015,0.13491666475644518,0.14122696395912324,0.14059396898566573,0.1419414374751581,0.13868318773366994,0.13626626036723363,0.13839354808582796,0.13775548488595676,0.13995053046093797,0.14486279109312106,0.13901573181473803,0.13075494110078262,0.1340866717840951,0.13799924823020743
CD16,0.27156591153732873,0.22575651969699,0.23729848182295576,0.27475618729933315,0.256574602168248,0.2632467388019732,0.24259104741150123,0.24079062081221733,0.22008489070747161,0.2514791538346881,0.2462890310608758,0.20959231800014058,0.24592044798325546,0.2593512823410141,0.24773111887621624,0.22559249069126908,0.2684708660469615,0.23988799881641595,0.2583929529324434,0.2627217589843989,0.214820538867424,0.23147755978068746,0.252522951421797,0.27175330073672094,0.2271836660626913,0.2720049816455857,0.27209201335196737,0.22475782163564664,0.2731730311809397,0.23236361799179384,0.25982988887238956,0.19759964910440903,0.20544127016146904,0.2541716809025418,0.23000547102779445,0.2180222810774149,0.25072596116274787,0.26561176414500043,0.2582785461116037,0.21720315751144428,0.2684783094739265,0.2596666348863779,0.24661420563492692,0.19470865738640308,0.25595736382337037,0.19998803916070665,0.18898798837167946,0.25096266917052623,0.25064579310725027,0.262136074232853,0.23228563469828994,0.22078272935532034,0.24300394224319527,0.268349580357558,0.2678287432707868,0.22149185424438148,0.21519357021473343,0.2550316765584546,0.2622461735590669,0.26208048229764896,0.2728316202353187,0.24755512892411125,0.2495647764724294,0.23863114683181558,0.2675591029938062,0.18831482398606644,0.23546744220963142,0.2724612356382828,0.25421886338397676,0.2252912210414098,0.19761634519089247,0.22307862321824054,0.27381899253396785,0.2240415114019974,0.25685181394680545,0.21606739203221442,0.18542123275100084,0.18825802168902933,0.24582874319348724,0.2718522508311867,0.19906034854237886,0.2589730729033876,0.25073095640348325,0.2608320342176497,0.2553240559065693,0.23208366714294593,0.20291161470179142,0.2645699409874551,0.2567585100749363,0.19807530883293611,0.22393746882855292,0.24390701119855723,0.25687645438720974,0.2393462419454766,0.2585238657186886,0.21128481448591457,0.2559088128893585,0.23431538114642983,0.22650384043916136,0.20231726980068138,0.25043451990968296,0.25667668835258056,0.2593687665833506,0.23300129271339848,0.21879689517365183,0.2136275729650269,0.25060369166084195,0.25141742946834955,0.2798713208315468,0.22668152456427396,0.27394844354225,0.2791966214045314,0.1859636497329418,0.23481802592940015,0.25599767795418255,0.2189280714569323,0.22443038620577047,0.25623317919221855,0.22729479213070508,0.2306742366970956,0.2604357428538366,0.26242369070677213,0.2587586067519803,0.2566698541914042,0.21595358228325112,0.26613763723757844,0.25307249801618953,0.2590026189656341,0.25232165937993556,0.2595505045450657,0.25896734346492084,0.24893344079710317,0.25661080464646424,0.24115658823473118,0.24141698999213945,0.25558512522957644,0.20065468598798497,0.22512385469767587,0.23016450148635875,0.2538442420090419
CD19,0.11258113416047812,0.10997324787092595,0.12460061872529452,0.11717724875645362,0.11421505934085167,0.12221439984389541,0.11659183269166214,0.12086447819990316,0.12094169840190258,0.12102302289948551,0.11341332761086798,0.12397946347379482,0.12344295782195099,0.11930078378238568,0.11520616905376303,0.12389029743329401,0.11672302015310672,0.0932466387895957,0.12052926662624486,0.11792517796249434,0.10547256947145425,0.12701989161026092,0.11555539065934792,0.11657108555807061,0.13310854776484315,0.11867629404730884,0.11888679241255624,0.1152572919767697,0.11021193360094107,0.12100405832798189,0.11639394406383106,0.1429808383470981,0.15151079898568395,0.10880658238521287,0.12341121797774993,0.1207698576902931,0.11379399347916005,0.11790741295919152,0.12179536865022887,0.10924283415617402,0.1186225654655656,0.12140990654840542,0.10430331657847387,0.14254793129344956,0.11845135092732068,0.09373572813380977,0.13905784067656346,0.1273467902721357,0.11982227428422515,0.11729325071417777,0.13082506976760383,0.12619184987100382,0.11413627431444354,0.11634026622048824,0.12622521026832975,0.11794401136926529,0.10700134019165047,0.10747108662716642,0.11507754336506072,0.12074402341014373,0.10714825180206972,0.11434470635986275,0.11144596746472188,0.1079875732177246,0.12044914579966952,0.12981703002251607,0.11912130885514383,0.11872770639562799,0.11667720205078444,0.1224445693770943,0.09388088379730103,0.12414760421854484,0.11522439566230215,0.11556356669412762,0.12052818361431712,0.11117208380294546,0.14471204604068524,0.14412835504026572,0.12382547250120968,0.11800036114053977,0.15812180813735807,0.12013768357204282,0.11470449786957512,0.11623071483514252,0.1148705884307501,0.1258472317120296,0.11929952804487193,0.11930676030522033,0.1133731164775427,0.13919886574299856,0.1141161017345564,0.10030531990807351,0.12042825739140399,0.11874288219327664,0.1219680420441983,0.12354001719153154,0.10759051727359281,0.12754654212681807,0.12761006894104326,0.15747334211244252,0.11352225024974845,0.11211269410024251,0.11939489459993048,0.12400044832394086,0.11439334956544078,0.11795812550645017,0.11004437149966068,0.11601558843005068,0.11398880624644164,0.12041936939919519,0.11959017756895975,0.11247348516692356,0.13591003044831518,0.11906626053881517,0.1213356491600237,0.11532450254182061,0.12164184361798165,0.11693515956606775,0.1140347790949114,0.12137462981831151,0.12294571515128086,0.11245717132799314,0.11482631772669737,0.11710886048132149,0.12107972905144548,0.11887385742451348,0.11675265548848224,0.1157271498324952,0.11717993400150793,0.11642014596218872,0.11678432597033235,0.11237261347066788,0.1190144748685189,0.12075036955021722,0.1202985702993266,0.1199432642203801,0.14118463120751068,0.10822772047077012,0.117356861080982,0.1200002100856868
CD20,0.08688087184022401,0.0867624639502639,0.0957532095864096,0.08759045618637397,0.08771386357535955,0.09293667524191455,0.08939569216703355,0.09595546982722981,0.09397603698795776,0.09072869504415419,0.0856339077958156,0.09257670196857555,0.09646309229657314,0.09203585846059203,0.08693370161046148,0.09393500416910254,0.08791632654526527,0.0744307184076952,0.09038734046561357,0.08731939069458991,0.08360619434251168,0.09688135320052842,0.08821483394005063,0.08879528095791782,0.09113795365861993,0.09020636274620095,0.08920090969255194,0.09021941892080833,0.0860867075897042,0.09131193818095916,0.08869782961454743,0.09062208755419514,0.09860762566904016,0.08584143023916274,0.09380223390708563,0.0899454576184137,0.08827271537194949,0.09049703305376157,0.09267927385557898,0.0849549852017034,0.09166640659776955,0.09075657402770679,0.08082771345153952,0.09131839525403829,0.09105315505838908,0.07110834699951307,0.0880354288257606,0.09302724140913189,0.09141050008098058,0.08952239765305293,0.09603419050144091,0.09429902544798474,0.08532204708316546,0.0889068895770837,0.09451965044603312,0.09064674672192882,0.08484858052945762,0.08508196632736113,0.08746890742385814,0.09033909803613722,0.0830174455937978,0.0860678355149578,0.08394904547361981,0.08453361595916736,0.0885841985799482,0.08637740107578026,0.0935103610796787,0.08853276196894629,0.09041760518947932,0.09451681178950182,0.07751113461146047,0.09342568340386646,0.09057869677925579,0.08822303793137096,0.08954111165334536,0.08643005650490745,0.09153860031180656,0.08565570577104381,0.09214314862038223,0.08889822454195008,0.09871603154882612,0.08986678592335239,0.08891374370620443,0.08678736233210176,0.08765725828461644,0.09570426067086661,0.09041730473679493,0.08918104228315467,0.08661816112920678,0.09034013205380552,0.08796984424406622,0.07980768841035821,0.09007251017197256,0.09222468545641366,0.09092830535444714,0.09255443302740687,0.08403760760278862,0.09601528185466357,0.0943048882197273,0.09808402493731792,0.08584778702140156,0.08423726887742031,0.08867557548009747,0.0948071892348814,0.08961212762476722,0.0913095654108158,0.084774297955697,0.08835348873646483,0.08800259482437255,0.09255739343486719,0.09006430165219599,0.08738560499504422,0.084282147169224,0.09280100613679552,0.0912568709325567,0.09048774176990519,0.09036478952059948,0.08855601454558801,0.09042780599301177,0.09287615655764433,0.09290987177864368,0.0865795699325874,0.0870794955268556,0.08881006114681818,0.09093980308381741,0.09053568447946246,0.08668385487841306,0.08877114175316177,0.08972578542194923,0.08880636164684207,0.08938851660419941,0.08594835259027254,0.0879533544258283,0.08984082821405713,0.09366396439566256,0.0913118756412558,0.09014593258741571,0.08665989421726479,0.08949092688092522,0.08881458200350194
CD25,0.16354027615229694,0.15429123643357678,0.17923400109370094,0.1695881711812541,0.1689953576586531,0.1744185005641604,0.16507082210221918,0.1759927140688901,0.16648373972652883,0.1718828974484443,0.1723143612404987,0.17614321839427988,0.1753570631230845,0.17407320400023082,0.16419751440030483,0.17242984628208927,0.16824195561085906,0.1366046978017208,0.1735674758501051,0.16924002219980655,0.15628481565171523,0.17829647376691368,0.1687714664120034,0.17790153953426363,0.19199161063066564,0.17643268975163076,0.17663842136952237,0.17188416274531892,0.16383813952814008,0.17524441139961958,0.17080611801333176,0.1938539462482831,0.18910119114088905,0.1530261039387487,0.18445825995769724,0.17570915504265838,0.16799118756016543,0.17218726304021617,0.17443996717765822,0.16301362906317213,0.17680406888237382,0.17732276000666822,0.1585243051603036,0.19309472775192407,0.16816735323282328,0.14042605297822214,0.19199061100887632,0.17887605118695873,0.16654028191327294,0.16662380481279698,0.18968243074033575,0.18442186556315207,0.17249310300306891,0.17786884952464155,0.18575509565059123,0.16133675816920512,0.16010927104857672,0.15757395285140113,0.16765677001272397,0.17361539924385033,0.16525725117120355,0.16342202432836994,0.16062252844784938,0.15713373522296342,0.18258226434162567,0.1746690008172433,0.17062508215886615,0.1715093649311378,0.1658846052990945,0.1825486333823876,0.13850777967744052,0.1745605576389029,0.17034640060437298,0.16396392292847872,0.17743333282818866,0.16567362323554957,0.20150251007528464,0.18450716734443956,0.1666323761310374,0.17122920697380767,0.2130129360197002,0.18133898265064788,0.16530699260937967,0.1760444740210584,0.1687376098145708,0.17825053299622773,0.1587538173790078,0.17670842048133617,0.17104013924008837,0.18934747930344986,0.16068872722534305,0.14859099300050282,0.17480119741817154,0.16736203500651242,0.17835925451721565,0.17618156007565033,0.1588659044140877,0.17823795982848978,0.1832709245149434,0.20682931036131705,0.16957258503366202,0.1731165609556632,0.17931815834877554,0.17889101091700305,0.1736257692637639,0.15924839606568914,0.1629587951814202,0.16869733575042606,0.1743716323305522,0.16874282495391707,0.17999067356487392,0.17295959591208293,0.188616459525397,0.1624523959294411,0.1710882838137069,0.16052756342192284,0.17623366043577116,0.16852287395802787,0.16664997278688212,0.17543152676807924,0.17903631315279314,0.1637031562759596,0.16951257920985244,0.16054572896303695,0.1751312007155665,0.1728266581752817,0.17064719443454915,0.16472330903214386,0.1767987613500042,0.17319563175653535,0.1680364806754009,0.16822070368702904,0.17443807544351098,0.1679249800237507,0.17359988034895005,0.1716582793370304,0.19186009969456858,0.15770566492601396,0.17141621506233123,0.1740264914874851
CD27,0.07187977904918444,0.10623829389252644,0.1203895019668429,0.07231732522645502,0.06898080657454997,0.08082450481146175,0.08482551900798996,0.12393615371672839,0.1325697526265596,0.07357928127229346,0.06604725748633178,0.13194351779017444,0.11670471494823166,0.08131772220268584,0.06982737858289315,0.13217848755840603,0.07631495371243316,0.057781093768551665,0.08213274893069214,0.08258475769247905,0.11192332171122105,0.13168617901954155,0.07875579966568552,0.07106095699702752,0.10164923302372265,0.06912866123435066,0.06382802076306816,0.11447769713738455,0.0667003276269257,0.11927719968336156,0.07748560591390499,0.11142600073831424,0.13940733726636526,0.0731227579458229,0.10222608588683356,0.10860108022764413,0.0758951589189794,0.0801058724270074,0.07904390460156982,0.09533201734824187,0.060386732752417085,0.08247822882174485,0.06072813907122463,0.09547232528580961,0.08644656681998866,0.0662111629112739,0.09423907916859281,0.0946592765742753,0.08432015650572015,0.08248640849600156,0.12581302814779496,0.12289879662730983,0.07231441628692552,0.05767663435706045,0.07192451535705269,0.14134456408924512,0.10360504370755703,0.06955786960143195,0.08066743463614266,0.07926501105838005,0.0589945648775918,0.09104808732180053,0.07253867093135813,0.07225549116287648,0.06683358609789791,0.09294517310877352,0.12053200393750087,0.06820244973458668,0.08466514898583656,0.1273311112784629,0.10228649148528338,0.12831649457282887,0.07331461602693834,0.129626442505852,0.06873860366367766,0.1053773783255897,0.10658150068863564,0.1297454919774719,0.12421693867953992,0.06886389602798411,0.11883425196418354,0.0580070494138882,0.07555362525517233,0.063711761848868,0.07386085665405927,0.13663549811033754,0.12232469148139677,0.08242061965023081,0.06649908691080662,0.1127246608848291,0.103111431003562,0.059673739748896885,0.07908214223445122,0.12354379491065785,0.10076014561361128,0.12725926977538138,0.06321344451879628,0.13113085754886453,0.10874813926051309,0.12448106778910602,0.066599376553462,0.06342566559633371,0.07558354676361419,0.131046607015093,0.11149916517612493,0.12655198449766497,0.07832316070398627,0.08015444003643574,0.06032639125170858,0.12697711692175762,0.07029778799844688,0.05353250430165352,0.09261356357976698,0.1331198673783213,0.06978240091992788,0.13477782741619795,0.10429156078774471,0.08162207512317715,0.11321261168039438,0.12151555033129899,0.08006848367682563,0.07831380372909791,0.08522772712047308,0.07547977748803822,0.12543611877984182,0.06819896278680766,0.0800907525870299,0.07110057557556808,0.07664302147561283,0.06332681619508831,0.08511197048117763,0.06827674315386595,0.07347889805975771,0.09268294159604255,0.12368957051767727,0.07150004738843181,0.10225388522491885,0.1044942504221728,0.10999677412737521,0.08394410928726004
CD28,0.11878454975959131,0.12787176012632812,0.1473271676668804,0.12110959646294586,0.11619039310659802,0.12601968298207183,0.11960892327401969,0.15065137373092613,0.1476194675492794,0.11857598383694985,0.11352753590346955,0.1506457595106783,0.1448426978003503,0.12528708518940251,0.1156073628590991,0.1516778068062031,0.12238579097679342,0.09681115657658716,0.12216005141817537,0.11942405791151178,0.13268462904979827,0.154910390260291,0.11991335974002704,0.12199687320004214,0.15768036539520106,0.12004060790094541,0.11969260774853926,0.14061984944901385,0.11330317266140684,0.14749726621324669,0.12021288659619475,0.15234596517964039,0.1624074160641578,0.11447155951992068,0.14165689828853759,0.13856301865222287,0.12085952194665033,0.1237210786563813,0.12395889558091908,0.13034008867468255,0.12174076213247259,0.12550732465291745,0.10479995384135081,0.14953049113017425,0.12638971739381305,0.09550790700330426,0.1476788166569669,0.13127826262681558,0.12146464823048254,0.1209784649477584,0.15833785267751163,0.15237197146596404,0.11692544699692416,0.11693408442541717,0.1275318486050025,0.15010225502127506,0.13108768138125806,0.11404721658752028,0.11831832908430226,0.12479647367781785,0.10927101960829026,0.1208505294549814,0.11002070762884085,0.11315735572475162,0.11956639228702977,0.13743028418460926,0.1454911213444055,0.11864356010416004,0.12151208985495363,0.15355861205325042,0.12183813246873729,0.14873565432249336,0.12158962254832854,0.14263673366752244,0.11818902213640856,0.1347036857592764,0.15407540269608824,0.14953693125044865,0.14494142653331302,0.12105128651560722,0.16607537094405153,0.11739356856755673,0.11812588138942176,0.11626526191611929,0.11733634922028384,0.1592479581803553,0.13696277069204685,0.12482850622312693,0.11417810352689023,0.1494968731575228,0.1310796628243059,0.10535159233323496,0.12107502715565346,0.14480148078569546,0.1332231968188007,0.14899690386586742,0.11101385971980139,0.15211719390159903,0.14331782966493412,0.1652442849701187,0.11272919070671132,0.11136075631467854,0.12246797923561496,0.15494546435087553,0.14031011078962072,0.13932634547363243,0.11696060130895793,0.1212560146420876,0.11740054073428957,0.14661046615199222,0.12520074810087228,0.11455931753679043,0.14422704493114574,0.14836745666052958,0.11762315559386737,0.14623853070855855,0.13640721911713752,0.11970919171311256,0.1381413971587428,0.14666775978381247,0.12738493109699792,0.11694806907027046,0.12240983552096456,0.1186992534846646,0.1524418775165294,0.11986178404996106,0.11878901763504446,0.11789716632666673,0.12223907631489712,0.11618509406038384,0.12138472084027582,0.11454768733596499,0.11892934009405987,0.12389717632053014,0.14866533285994632,0.11957972323849432,0.14780734415129032,0.1308075281290635,0.1387683557872111,0.1247176880168384
CD34,0.019091251297332638,0.022940819552735452,0.02646299029151815,0.018228323527912517,0.02510947841980744,0.02217349037427698,0.02601484714207822,0.026308358231040867,0.024732379581189547,0.023832755459868418,0.028193824585184355,0.02717310606951327,0.02557076251226723,0.02538577481179376,0.02064121002759162,0.022959474498827837,0.017854367285281173,0.01883587138541304,0.025019322569088284,0.024252868108046357,0.024995460040529945,0.023756239623629827,0.025142745194126667,0.026395636172660438,0.006744771802872216,0.025450532679929704,0.022577237917987415,0.027481973929744885,0.0230192335509936,0.02188621438822485,0.025864805126421104,0.010666007310503031,0.010429237228545865,0.017741897385653366,0.027941530608393095,0.02516273188435607,0.023460146328237744,0.02259960729678972,0.024230485586546842,0.022200105650859732,0.02159121027378908,0.02419191201864162,0.026418611859344496,0.009494407326159955,0.022387498483291964,0.02761674286690229,0.008707707585956535,0.023387220122947562,0.02274626740701227,0.02283592276177167,0.022476417742269307,0.02663396453114152,0.027787515525551826,0.025411148999347228,0.024229290053499535,0.02199568725583422,0.02569671060255834,0.020750765839260936,0.025477122005019993,0.02056982911738895,0.026137057015557876,0.025336801671779704,0.024717783348582063,0.023339046550934505,0.02581508612117195,0.01151591808916325,0.024134579997689143,0.019995414920262373,0.023867789421410303,0.029401183245026333,0.023724134694226826,0.024088421081361618,0.023119721304619926,0.02397729966735873,0.024668881441653554,0.023835105531947915,0.013010160577261733,0.004618355588907551,0.017255790552940287,0.01848827365114218,0.011716653072106308,0.025335036856487417,0.022271756686591395,0.024983761965521573,0.02576981589466316,0.02177119941589343,0.023392969660569866,0.025462958664369612,0.026675668480065976,0.01372177728608082,0.021001116726794708,0.019091301054971643,0.025684696565473036,0.02178002919494027,0.02763146345739525,0.025903242013924705,0.021822662149992494,0.02346110434812034,0.024095670646877565,0.007851542369293519,0.02628503316923444,0.028859810103644974,0.026668443564376955,0.02454403596817382,0.029709921808250835,0.024430482758713273,0.024841041325534004,0.023560800902398003,0.02323869003983113,0.02346926071212313,0.024228780722383044,0.023226096881807375,0.0069403471702710285,0.019840849964780225,0.022106320535615682,0.02444390981291427,0.025249209416343527,0.025419951960107563,0.027553341834485247,0.025160738718022702,0.02410080002525896,0.024015733766278462,0.024842740420508307,0.016096692971256456,0.0209674843911168,0.02258662820560127,0.02532750864968175,0.01995914569023478,0.028295639572310946,0.024498773288866012,0.02499741214574213,0.0250443856721006,0.02445566073658788,0.025009007453776443,0.02313881719479742,0.022009007299215615,0.01014259380165497,0.022923038855254266,0.023408669240137056,0.02288041908000863
CD45RA,0.22885693104731292,0.23848182357711922,0.2655638121488394,0.23170675615208472,0.24022080266482326,0.24617013065538046,0.24927820918925572,0.261852660605208,0.2615695398318343,0.246555678376642,0.24162745242568837,0.2696451885487537,0.2635018777807181,0.25096326639255434,0.2272163035431485,0.2590644798916915,0.22882279278314677,0.19886188571286245,0.24985861899750617,0.2495316337790106,0.23464699440683798,0.2639879302636882,0.24329432741981807,0.24543059221177124,0.21354654451159252,0.2490745736520381,0.24179001044964613,0.2489716885683526,0.23274543034026451,0.24725561709889896,0.24819811218804377,0.236372831617028,0.26441623509492607,0.21748246785625752,0.2604244463317437,0.2497931592183475,0.23554511376892717,0.23872889564081676,0.24999855427472928,0.22100385855095647,0.23339552623324689,0.24603078241817486,0.22932408796276854,0.23088468010953983,0.24657392648426335,0.21790153646528276,0.22271552619255564,0.2554235937197883,0.24685162870453534,0.24518448264614506,0.25970942266109953,0.2657033383594616,0.2429137835660972,0.24135177376071254,0.25177780991278553,0.25495660751053006,0.2339553314392329,0.22133124136811572,0.24807553880924157,0.23788342191522377,0.2397283113887915,0.24895342231573417,0.23991364129805082,0.2278136737128252,0.24566584846377215,0.22449350554166017,0.25297499266543333,0.2362494464456948,0.24374724408585632,0.26907239728704857,0.2186837138367332,0.25798572370160927,0.2395928076315848,0.25305350887821065,0.24426693923960838,0.23597941224012203,0.23738089624218556,0.22046945815817717,0.24828512307463102,0.229213163616319,0.25615881990865574,0.24051606445696755,0.23205344432834352,0.23738928344321747,0.2445730386950983,0.25609200040224933,0.2540788122036649,0.25106419511736244,0.2401923693821969,0.2419022357226566,0.231072595064506,0.20714926720049665,0.25055396463769053,0.24827883102474382,0.26615701065993436,0.2596710038789316,0.2267240297575737,0.263065024104513,0.255131394455933,0.24809327770276776,0.23802526758356451,0.24365491847233134,0.24933563059824435,0.26216288050862774,0.25410138154590495,0.25794209277789243,0.23611586886333708,0.23859788873290605,0.23555939958068298,0.25497568899780115,0.2488663675354155,0.232439800805415,0.2088012567296459,0.24680519732691322,0.24320508995663137,0.25586561971868144,0.25238240620847263,0.24892549600061875,0.25398147042259284,0.2559442268770071,0.24888777775215068,0.24087369374855794,0.24470180812695164,0.22524376036681618,0.24096256803265578,0.24173436839092552,0.2448063427380043,0.2317073700956329,0.25010842256549287,0.2394519636837409,0.2482961393841465,0.2342544765227137,0.24359561036256058,0.2539176679290842,0.25261502836160443,0.23951742839903964,0.2309999816249616,0.23041924257953622,0.24259301155290935,0.24164226391614937
CD45RO,0.16224248518268714,0.14885648654593722,0.16761608365736674,0.16533227511001508,0.16252258166217293,0.16933300910985802,0.155090248091996,0.16648170524053402,0.15226886870520734,0.16354444742921453,0.16214858177605224,0.1539077860695919,0.16547297191402577,0.16797673142183492,0.15660075527757064,0.15495002819602982,0.16675789399308585,0.13774476573493855,0.1641232774052224,0.1572809574225381,0.14749870126029704,0.16269959518945046,0.16019438288739152,0.16815356918001664,0.18066476513563903,0.16860376930211657,0.169801897070107,0.16204800531923397,0.1627989048527621,0.16326634210185226,0.16077047780281034,0.16354374404533079,0.15545521431989642,0.15456859839922682,0.17249687719273415,0.16215024534659717,0.16517742499580496,0.16990312729468018,0.16702743222891947,0.15578271237187086,0.17455732186176767,0.16874376713173514,0.15320736602571522,0.15966136782777884,0.16136343533738906,0.1243871145016767,0.1630997316441861,0.16445765340701188,0.16144388192388498,0.16058353916494347,0.17226542131169906,0.16547047544066626,0.15884569685096298,0.17296215219062078,0.17765777723607853,0.14494384138656688,0.15157082313581047,0.15897978754302272,0.1598185285438071,0.1677629159244605,0.16027330355446365,0.15023752089698705,0.15220688412443528,0.15245996588507726,0.17296925949367603,0.1481202268999682,0.1621378804289245,0.16581379421107048,0.1617364668313702,0.16544999318186382,0.13082780756016082,0.15816939452604703,0.1702224274939303,0.15243601283630887,0.17101392681378003,0.1619588567255461,0.17031886397963825,0.15340495015223612,0.15323404079220876,0.16794084597116435,0.17365451343787164,0.1737297472205683,0.1648837778024612,0.1678285827357378,0.15951276786986496,0.1619618539549579,0.14096339438491412,0.16629048836552454,0.16462212837458756,0.1599847244875737,0.15265087595877247,0.1534615436710233,0.16506144621488916,0.1594932640314649,0.16249582262736223,0.15636904823770414,0.15742348216990606,0.16372066622753334,0.17008522447454152,0.17350953821107368,0.1616017944756106,0.1635219005265318,0.16713437764283667,0.16431141630099583,0.16074742532599537,0.14525020550848539,0.1554816324656135,0.1619747552084424,0.17345734711972602,0.15509096906765305,0.16944170216141882,0.17168923599427766,0.15927292650240274,0.15229462086984116,0.16559665836023066,0.14623011030074928,0.16228449326701738,0.1583675439512409,0.15583529455487974,0.1623076363680864,0.17113275000100922,0.15822516884860813,0.16236003671947544,0.15885418760724018,0.1593428171673231,0.1669539653170236,0.15928692902612507,0.1620082389813739,0.16867610766592836,0.16854081247128216,0.1611826316134704,0.16389535266047542,0.16364375113094715,0.15237407253213825,0.16638830548722683,0.16988573288731657,0.16415229577178148,0.1558454634543392,0.1630367237665919,0.16404411278599154
CD56,0.1717752280324674,0.1966136931261709,0.23603414514802154,0.19502869463045042,0.17922926677835158,0.2033224732554733,0.1890629847860118,0.22610712930538318,0.23024729258860208,0.19141026451186374,0.17198841907573578,0.2587449349358293,0.21996752854687598,0.1936432868259056,0.1856994776973585,0.24915459229734194,0.19107007957500338,0.1313915733082654,0.1928002235652143,0.18755859762373042,0.2031272880129672,0.2538059351976026,0.19245399266331706,0.18037419518840805,0.3236549708642634,0.18319215676444767,0.1861476834009007,0.21692467626714315,0.16778538420001604,0.25102519043787136,0.18385496094278245,0.3691370980406569,0.37504553000732777,0.1700508900867585,0.2590892705793069,0.26534684309858,0.18173026418301086,0.19178211151445812,0.19768987459009707,0.20364740667715703,0.18775008989270894,0.196525240986858,0.1558698303656862,0.3783555987323473,0.19350126514578062,0.14916411235201293,0.37132104692517215,0.21835110622314394,0.20155672793913676,0.18726618005125553,0.27549561894185287,0.2725124001183871,0.1823573203310201,0.1798839574053637,0.21149158680747632,0.24757851396837954,0.20444615905737892,0.1670252348840619,0.18160298821701318,0.1979474268745505,0.15841393484014143,0.18802149393736375,0.17384146787823646,0.16281682160290037,0.19800411402335222,0.3397464459771004,0.22288939456920778,0.19404146558342705,0.18800546589939113,0.24122180016679748,0.1795240881471113,0.24615175408958342,0.18192226567144168,0.2508507009433524,0.18980683764633766,0.22874040087162564,0.37247803698592336,0.39522607939589294,0.23448535032567416,0.1875698837545606,0.40637538019779407,0.18588385929965368,0.18101325196773316,0.180382305127117,0.1784032259996169,0.2602852542865923,0.22870392146780022,0.1905277728754101,0.17181191754683436,0.35736693941880654,0.20407026608062298,0.15538750958754174,0.19053308901161298,0.2297002024586502,0.2109846182860653,0.2500162160414657,0.16307929985640418,0.2599942860988647,0.26955833002340746,0.3879716936756484,0.16972766976124115,0.16846277090174286,0.1863961714928372,0.2492099723822478,0.2100717953917386,0.21890119576113307,0.17264716812524028,0.18632547485856196,0.17538845506226194,0.23415475414356987,0.19112090163551973,0.17118493456983533,0.3625840805544817,0.23133976625266955,0.19857216850695056,0.22408583470215285,0.2725511969101496,0.19134069189213956,0.20714280321739886,0.23683822599130475,0.20115543994573296,0.16790861094567447,0.18825932100896453,0.1903573062605334,0.2575902127815259,0.185750954027441,0.18735209698711552,0.1814485573349247,0.18532008562551505,0.18222243447240083,0.18613754983529116,0.16866957381377748,0.19329016029611004,0.19999424218412076,0.24527220033060373,0.1976250029633103,0.3636407750416072,0.19816524455409743,0.24403272195935588,0.20593100720415924
CD62L,0.08874538536289484,0.10476325497595708,0.12180402153197202,0.08519007557239144,0.10245967977275328,0.09734358243946079,0.10326775526009732,0.12549749689358197,0.11482539968352992,0.09618540611118655,0.11039420877393796,0.12132657172541425,0.11717370684549525,0.10732904462029164,0.08739379336058903,0.11064413124220093,0.08701043686139436,0.08114013196066094,0.10242881247705832,0.09750679065063146,0.11668640376301632,0.11526486573515805,0.10331590320053176,0.10907379285900587,0.07324354323909793,0.10378998759286194,0.09596649903760794,0.1263611135395593,0.09781327833201892,0.11069139088379745,0.10446872926499437,0.06667731535892969,0.06209507613083136,0.08333946128957469,0.12417129986650978,0.11388397223503004,0.10337272160673788,0.10126233489139265,0.10098661173320253,0.10769839408081137,0.09665954892618464,0.10364535343347843,0.10356697555117782,0.058030953804606974,0.098061736201224,0.09942634734401275,0.060383424581956474,0.09900691760393995,0.09562194312888495,0.09655718346061284,0.11484858192571992,0.12300401334253966,0.10946870927305016,0.10522089965627375,0.10311704677274391,0.10817818680169113,0.117546623549863,0.09394826308961374,0.10350371252717222,0.09322496112944405,0.10424023917043877,0.10202337622322215,0.09643906932052519,0.09790023586197263,0.10561511603318247,0.06203800721460638,0.11664235252778074,0.08724475718893206,0.10133036238548974,0.13449118806888466,0.10857303189232388,0.11363611400379181,0.10233815528691888,0.11413089456519071,0.10187067211417535,0.11644524049099052,0.07602418927520278,0.04683277582121928,0.0899454005186849,0.08646365762292195,0.06941239908271708,0.1034395686727585,0.09816342612022297,0.10281376222855629,0.1033578254892165,0.11332214254489978,0.10153863742642652,0.10669650219789917,0.1073749206169351,0.0744603641893435,0.09984584680760052,0.08801569538621459,0.10399141367634855,0.10923533388885592,0.11438275989379389,0.11855003232334768,0.09352378922736494,0.11313526520246261,0.11155499897207895,0.060546743780955994,0.1045388541732913,0.11198608652038844,0.10872971767728153,0.12057726129097068,0.13202919619991416,0.1086352156007554,0.10355347693261949,0.10093937307460837,0.10163003413355504,0.11194470100227517,0.10262404619071631,0.09964718249708089,0.05523227992042664,0.10320179994850012,0.09106521109533998,0.1151454585743169,0.11124148086112715,0.10203169790943346,0.12254664060798559,0.11856679797314149,0.10362006342479058,0.10020555979708849,0.1061577810611127,0.07665158329507364,0.11034014575759936,0.09538257430534589,0.10243044453937931,0.08845390777889861,0.11577293746462193,0.10138749499456806,0.1037202365250816,0.10458731427786667,0.09951684326102696,0.09904058904915386,0.11653126913361059,0.0954229384006336,0.06354326469756577,0.1110858585436457,0.11239227205048086,0.09892244905226011
CD69,0.08973347803467997,0.10642956529347634,0.12352876916847783,0.09696334656087197,0.09943987781255045,0.10477264589986725,0.10558196195361481,0.11996710988288128,0.11818934536829334,0.10055569680782056,0.10281969574592094,0.12604816404233007,0.11653020074980168,0.10475068727427972,0.09717546422767599,0.12249672537255553,0.09730240762261035,0.0772152065831982,0.10925901927198459,0.10596251812545296,0.11265691493404996,0.12482677892993967,0.10679605550818015,0.10485679342716549,0.11534242281285198,0.10069774328324652,0.09424681548944978,0.12325887127374831,0.09723879718530051,0.12349707260955961,0.10351673127264467,0.13628789435151073,0.1360299742211436,0.08937759935006777,0.12699998098914628,0.1309541619296387,0.09895952951437369,0.10798486577626894,0.10425492182694254,0.10899199649444999,0.09287332990537171,0.11080113949019187,0.09490679331947671,0.12501508891563523,0.09883553558264974,0.09165951452136842,0.12378946171296393,0.11504376955371638,0.10507084159426501,0.10223192603304238,0.12976848210220315,0.13038762164371906,0.10577330995850069,0.0958775834534044,0.10685727265037433,0.1234841282584437,0.11214383858969461,0.0921495159164192,0.10577757117265447,0.1034581798880058,0.091133762555619,0.10712285419749253,0.09930572858912712,0.09122582471359925,0.11090674218257984,0.11623029743846701,0.11740769146384708,0.09781914280101248,0.10591016583876615,0.12671181807686327,0.09533519021207547,0.12604956934820533,0.10037516459530897,0.1294388661889989,0.10404950628400679,0.11633098861682073,0.13753583260332394,0.15811438627747476,0.11304435834778985,0.09472490537176237,0.1456160475280239,0.09986788603321843,0.1011189711685025,0.10235803704060854,0.10079733189583485,0.12755797125771476,0.11145788830356235,0.10796342557635041,0.10207132224862225,0.1368934498084427,0.10823635828434569,0.08273196307056649,0.10785675882990088,0.12025373840893802,0.11764120252588725,0.12617948220473413,0.08626479202289265,0.1310783101898174,0.13009427893863976,0.140041406625281,0.10135278145876885,0.10416248780727348,0.10700133919335567,0.12505440487035296,0.11801999200828063,0.11244520043234697,0.10135466973270903,0.10419530581036565,0.09580039026905167,0.11965775107806814,0.09719444845878551,0.09124278133949251,0.12593593732736888,0.11856002666688181,0.09922697399854155,0.11694597999625293,0.132068235861852,0.10729216966927367,0.11419124242442527,0.12427147003995469,0.1067340434803533,0.09877494843618342,0.10878904684819113,0.0915329187652328,0.1240298719531938,0.09539450897232243,0.10870004242003083,0.09238112119254087,0.10780947793512022,0.09784677727735748,0.10742548957178934,0.0984459285653779,0.10643172903533775,0.10862144875905505,0.12602069883995248,0.1009962803316397,0.1322872649956223,0.10955993229383199,0.126003460604141,0.11178510382814348
CD80,0.11632623799166593,0.10532655031860118,0.11323334665252699,0.1187897330176118,0.10294595288318761,0.11786522929588376,0.10328871754871746,0.1143749240656892,0.11491724357082858,0.11093025116380413,0.09132381284618328,0.10854840692425982,0.11711708435120737,0.11018838373320168,0.1092636031706318,0.11822481783531938,0.11886812167277858,0.09376509899096445,0.10619370501381763,0.10472976136829902,0.09452704169860474,0.12126694079441556,0.10260979986191424,0.10161630274144005,0.14744490721468226,0.10784273014002155,0.1136432543932283,0.09831302736331146,0.10442628832602768,0.11446933543871121,0.10351533173978668,0.13642338309393753,0.1548567745671746,0.1145783004106712,0.10628188189192858,0.10325853312305779,0.10688464126777977,0.11024231987488567,0.11330232070687678,0.09985264042548102,0.11781239246331453,0.10754827281168836,0.08799956141550683,0.14313584708323285,0.11659591490105738,0.06888156553619347,0.13863004410573715,0.11410390141670453,0.11393361831586761,0.11138103719123035,0.12173767971155884,0.11098932294681044,0.09188219518253633,0.10583935044809085,0.11648396863884981,0.11500705187631664,0.0944403679681086,0.10687276290021028,0.10184696180063087,0.11595086487771059,0.09675135963734946,0.10016561465627746,0.09784847919189629,0.10112282950801696,0.10105849186249258,0.1311771292675192,0.11397930711236069,0.11632775124460251,0.10851654593256747,0.10556711689591151,0.08972346668530932,0.11288740430390026,0.11197608704532128,0.1050347897904349,0.10586561399867178,0.10160550608654947,0.1320438371367379,0.13242809569412253,0.12819674962145156,0.11930819374725077,0.14836640907553245,0.1051654170451563,0.1082700837667908,0.10017727064471967,0.10180440417160151,0.12218059224187074,0.11218057636974446,0.10486301518131283,0.09641111836345072,0.12980182816908087,0.10884949225321867,0.10245433047765509,0.10468853982776859,0.11593753044108282,0.10430780667448485,0.10804973498012004,0.10603495899437644,0.11856798341045961,0.113156411886466,0.1547698559058206,0.09535570162915334,0.08814379858655948,0.10067298228742956,0.11641358108638009,0.0950756359445446,0.11175271492673458,0.09773001153840828,0.105592744628974,0.10851240326843796,0.11422873538412848,0.11261256453135797,0.10820714605533206,0.1325256111737693,0.12133135680529018,0.11581207238757261,0.11007129469069088,0.10439149470509977,0.10344917440205786,0.10220951723336472,0.10977395791947746,0.11321768958453413,0.10381676203743766,0.10163525008954694,0.12420448436140609,0.11447020914943952,0.11468997576130636,0.0990974875073511,0.11643129792935124,0.09843211068037049,0.10626593296918324,0.10518288812889501,0.09863674207715961,0.10359829046632908,0.1066175792864051,0.11539149390050978,0.11491205519708722,0.13665991080343323,0.10279857245486676,0.1057969364677507,0.1070714771690794
CD86,0.3311776249179923,0.29345459277068564,0.31035524659532737,0.3254907867884665,0.33926870186787006,0.33485174403890117,0.33315927084065927,0.30875800443509865,0.2868741457684472,0.3366927920498108,0.3509737944711187,0.2651089573570923,0.32109303895178914,0.34008829513355976,0.3224286017280885,0.27842177268565776,0.3264358437257337,0.3045005570091825,0.35325979328318213,0.349660146121114,0.27956497611751313,0.2872027057090109,0.3345617826032802,0.3617983316776815,0.183706995394074,0.3546006487364551,0.3381025715664481,0.3101433431876683,0.3499422448214296,0.27716803275605023,0.34609413025891694,0.17076550365288215,0.17933294109652737,0.31481519821494947,0.28295915826687623,0.2681768786874493,0.32841847598127194,0.34917481684865537,0.33924468910218314,0.28506723118487093,0.33101035263303136,0.3534869315856939,0.33691894169882614,0.13537563501326294,0.32236796464920936,0.29036832291079184,0.13152864622290544,0.33796683340363914,0.32541979160322293,0.34003974517780766,0.2770474945238929,0.26739414008542395,0.34079159931714637,0.34447835581392006,0.34193013029169067,0.26406538536531055,0.28268770086769995,0.323451171481028,0.35129143012042635,0.33578951981429356,0.3454641490639223,0.33329321192619615,0.3359168285787441,0.3204942754679008,0.3575028138881019,0.1396236860366407,0.30180825527691124,0.33275568185049975,0.34085520551821047,0.29693060513394764,0.24298600453293884,0.2907389610078301,0.3467172959481441,0.27069887450076907,0.3489835431761449,0.2660544680038839,0.16804438843698327,0.17223991529214389,0.29081879856213166,0.3328641804458372,0.17232096939562486,0.3487083489083324,0.3362324770147666,0.35195574301719773,0.3432087449577723,0.27943292502899947,0.2652575567701608,0.35372781093631206,0.35437049239101326,0.18034734026344013,0.29604044926377926,0.29979320287586686,0.35341620448647315,0.2980239925633653,0.34384605094968124,0.27866227954844874,0.3193074699431407,0.2943825689506954,0.28067080673281425,0.18488422361493356,0.35305783218823095,0.3617036723352273,0.357202618006992,0.2878870629914802,0.3049487414079755,0.2824129666325643,0.3373269734089738,0.3376829527472096,0.3497628932506474,0.2875702492017789,0.33833297087122516,0.3440150664391936,0.13972032277319968,0.2879840160997884,0.327312299881037,0.27841167948228507,0.26674805649634076,0.34180768872424466,0.30392328874856533,0.2992513188549437,0.3428774609353938,0.3502795500699609,0.3442520026932264,0.3105890930480628,0.25906304586541706,0.3370788563981789,0.34879624661355546,0.32464715069736466,0.351493201862494,0.339624191477975,0.3494563454479051,0.34409911924546793,0.3441937054115487,0.3310854394439081,0.2925797332685046,0.32815373565439976,0.1697422243220755,0.29341304404900165,0.2853960146142527,0.3352808444212223
CD127,0.05366401960392077,0.07609630200846514,0.08742472589191004,0.05244103708001106,0.0576265520695516,0.06165357558714214,0.066456977560858,0.09322921351928244,0.09376779258349677,0.05668665487765544,0.05781909041780935,0.09261841710678939,0.08634857270702792,0.06405206960162278,0.05786522781155639,0.0940112464655236,0.05433406374507894,0.046918251100542964,0.06347802897481554,0.06036339311003838,0.08397523390967289,0.09473927716183068,0.06376875546797142,0.0623219524873102,0.06393386563306754,0.05682756497359252,0.05043929306368168,0.08910222273238472,0.0547991533294849,0.0855518555515929,0.06254269896448796,0.06718449432313046,0.07886413099277133,0.05699260048328561,0.07920216669887223,0.08066098397411506,0.060264472998747494,0.06316960829800133,0.06212985412181497,0.07768148713463498,0.05389476694380792,0.06463990532148128,0.05235562857064236,0.06272711869758124,0.06380237177675849,0.05633753420673675,0.057326788767624474,0.06925167503197605,0.06168551176387605,0.06111109072806883,0.08949558747639445,0.09005527734008816,0.061775249996024885,0.050768375622313906,0.05892676272678725,0.09734505864423411,0.08180941833731924,0.056446065848466766,0.06106936865524088,0.05974688561206072,0.04813439052532236,0.06714684478386057,0.05443792883342096,0.05908262637728032,0.05566299151722033,0.06046832356391428,0.08853488414125152,0.05145318146985766,0.0654382255397194,0.09596473343761082,0.07849513891912266,0.09204018664699071,0.05968777249848997,0.08822594829166837,0.05357788871522578,0.0756247224544464,0.06714926168659018,0.07115913880882854,0.08197764751463979,0.05318812699968745,0.07412672871024173,0.05231283975030698,0.059806196681679316,0.054672780460897,0.06019785554555827,0.09937425132632381,0.08509688139940917,0.0628681083532869,0.05691401806073526,0.07042520575066222,0.07787008927149747,0.046870276230779724,0.061439849899281425,0.0879376454316814,0.07357247969990269,0.09313805778062784,0.04992698476055496,0.09260063984467902,0.07999611336012334,0.07095223405067913,0.0566587948513708,0.054549386700582306,0.06132481217138745,0.09379764375097208,0.08760739677657862,0.08739095237109057,0.06285537759983567,0.06330995240205403,0.0507983775736021,0.09074576584000832,0.056727330717471804,0.04841663304252959,0.05778520349452517,0.09408249041679834,0.05316228793268728,0.09513890584071609,0.07797840372728533,0.06348497980043297,0.08652006575841201,0.08967596834868637,0.06366630375779392,0.05965627018780316,0.06383093240180016,0.05391253395844275,0.09274750004924794,0.05487009441157509,0.06200630205189754,0.054589300360465096,0.06393466539623165,0.05309647860756948,0.06476699220200208,0.05593498577377788,0.058233809753117774,0.06902849557983587,0.08933930066060974,0.054748888768042604,0.06273564018267083,0.07883362184398389,0.08162638440298897,0.06430111585169192
CD137,0.11394268200764314,0.10995179704202608,0.1221047378667721,0.11702023202714792,0.11052916630254905,0.11870996699458027,0.11010488108198514,0.12069909920965806,0.11700474782843368,0.1141073368926237,0.10740325979795963,0.11760521106215639,0.12091827206614267,0.11637522708597771,0.1084040395545383,0.11897247481259386,0.11755059472096661,0.09518828247932475,0.11501160656719904,0.11340615388827303,0.10668709984991563,0.12257757126706768,0.11115919819379014,0.11291449255115131,0.13115647389726143,0.11516232053127193,0.11617686853451889,0.11374132664831252,0.11114265695403774,0.11992714584069508,0.11187867207409438,0.12706648413602786,0.13356781538622103,0.10869470622294236,0.119918498817928,0.11629826406220818,0.11263557630862653,0.11675714224873851,0.11641745975714268,0.10681775672363619,0.11570141776592034,0.11658192892910389,0.10243870319150976,0.12258901474658414,0.11581111274481798,0.08643055171278366,0.12341912970431254,0.11885441826765585,0.11567951074583104,0.11477451459059079,0.1263707442405087,0.12102715957524604,0.10715303590070852,0.11398768043235523,0.12055915070502542,0.11608205348822154,0.10638019106856947,0.10857391743425608,0.11282843083978758,0.11734246551565579,0.10880706119300627,0.10980404441302657,0.1076482528941436,0.10483424288361186,0.11576587552605552,0.11478098622842801,0.11860446151671962,0.11614001201008056,0.1137521389431713,0.11938889261363059,0.09582296929680251,0.11876121408942512,0.1161100281880869,0.11696990435140932,0.11583455303647275,0.11422166489712614,0.12697583262094256,0.12718736460227603,0.1209886990195058,0.11629587639517054,0.1348643613769536,0.11363110138031489,0.11270458054286428,0.11166182998176537,0.1101776077671968,0.12229149903900971,0.11066452459895844,0.11610919446698499,0.1098332830651415,0.12433799705323724,0.11017423049692598,0.10391350655774989,0.11471448442374936,0.11920408543609837,0.11805785090180877,0.11631832734844146,0.10805564171065801,0.12355230864629047,0.12165130888515298,0.13748003979224818,0.10822542074078136,0.10830614477723072,0.11383755381644567,0.12239279465129783,0.1119943043612514,0.11324634250688041,0.10778264859420943,0.11222746963566146,0.11546740479803216,0.11732640081219359,0.11657203287386324,0.11305596152622753,0.11961455329180845,0.1179915079790489,0.11560977974508538,0.11376808255689823,0.11675053963448659,0.11209215715457518,0.11232966587254013,0.1185146944776204,0.11792585004593159,0.11131661298422327,0.1140307771141667,0.11434696311850631,0.11707577514711164,0.1149729325899867,0.11142069614587317,0.11320839043121271,0.1131846040689371,0.1129876355520728,0.1139622758658332,0.10971687265924707,0.1129889770101991,0.11171203924041963,0.12203787878238276,0.1167983081172822,0.12557980462609483,0.1103618166366687,0.11668751693983971,0.11501652787165172
CD197,0.09676115630617692,0.10015584788047205,0.11053260477490107,0.09832586777499804,0.09699800960839546,0.10342772862792918,0.1006432584152037,0.11001544608496502,0.1092753469807339,0.10043245844646753,0.0954620065915548,0.107961274794734,0.1102468348740924,0.1024291930078817,0.09587217768438268,0.10948712178047769,0.09912287186437166,0.08281032291335835,0.1028732557457024,0.1009511946454996,0.09767247490735842,0.11196819998580623,0.09922375565041934,0.09929943379387714,0.10114488200308457,0.0999739443452845,0.09773482420104562,0.10470628335869277,0.09636696649337533,0.1061825047710333,0.09968697721345195,0.10420107546067027,0.11492686983384477,0.09485467657959289,0.10522482441882273,0.1036785272484889,0.09789415718693144,0.10231970587267239,0.10272835474142182,0.09594888563071095,0.0975499832486623,0.10324345647260598,0.09025753120081896,0.0988688929545856,0.1016233197798409,0.08096439781506845,0.09667288519289298,0.10670472558667987,0.10257508677888663,0.1014325266164789,0.11106095288764077,0.1082500318154109,0.09593868521784332,0.09623103326060531,0.10343704631735971,0.10819090937157085,0.09703691305429114,0.09404948195737048,0.10035383266934904,0.10157829736616115,0.09234792640558785,0.0999670450298121,0.09555749768300653,0.09328314648666074,0.09979817130903937,0.0940224255038482,0.10779519864924608,0.09853802949431605,0.1021070523805756,0.10918370690861082,0.08816254301890777,0.10944998252776557,0.10037568565873353,0.10610457013144835,0.09992325971095395,0.0992735388194315,0.10334689090193899,0.10750450156042478,0.10860680052902776,0.09834143446371284,0.11168239423681495,0.09737004820136322,0.09910058928865804,0.09666185191250927,0.09799068158762478,0.11162726134501225,0.10406970014273417,0.10204867318499022,0.09668251408649224,0.10405712984056457,0.10052954040990222,0.08732115282252904,0.10204446528475954,0.10811507068451172,0.10620160569177911,0.10757413949065789,0.09199047171726212,0.11276100575175285,0.10755932100909521,0.11325837807902076,0.09605959345001927,0.09516159566501968,0.10030023232691784,0.11045980434365922,0.10270809709549347,0.10617288706103249,0.09630832151750934,0.09962087199393328,0.09670622027345285,0.10788390967741825,0.09906211002672104,0.09430242412861828,0.09440199776244303,0.10919090938129576,0.10006742671425087,0.10655189897681722,0.10361232544692835,0.10064980661852928,0.10367555657455761,0.10801689170986853,0.10334826490035384,0.09861563882035326,0.10063142554499171,0.09826479775067615,0.10524604122518978,0.09897812974226913,0.09970590594147677,0.09758708520489268,0.10035315151457634,0.09707548268398755,0.10219819638865067,0.0958260301713025,0.09931178321943815,0.10276621536069015,0.10919823926461515,0.10038063754536901,0.10203695992177282,0.09947161656475341,0.1039630462495328,0.1015869724509998
CD274,0.08238620674802331,0.07923756138315492,0.0862589595516614,0.08216024468473791,0.08264321176905892,0.08408315808678188,0.08144274868905252,0.08677734806421529,0.08087199181995117,0.08147302613140649,0.08347316400998613,0.07872020251094362,0.08634942525597288,0.08525003157578886,0.07763993245857137,0.08011205884468921,0.08288099619837935,0.07322162314068499,0.08561956363741725,0.08456426719214638,0.0790200149015904,0.08269703463544746,0.08274411832788038,0.08722201632955043,0.06841049026172202,0.08590865806961914,0.08318715840535756,0.08507730858623212,0.0851441119937473,0.08143394993755765,0.08415357972419449,0.06203924386199485,0.06359580000037536,0.07810248756732814,0.08229330476844925,0.07883901639840017,0.08274207459830034,0.08684209136085237,0.08368150398515095,0.0773057699568249,0.08206657367593935,0.08654751256740478,0.08076211494020988,0.05364919412906516,0.08189490215280071,0.06906405770545024,0.05483886402121283,0.08393672757881804,0.08175825294921739,0.08392402796060834,0.08268901170485504,0.08063642805314938,0.08215587227065792,0.08439319427501943,0.08524575583299404,0.07872768338518545,0.07862713134832407,0.08063535168527997,0.0858243414978766,0.08355058823753962,0.08431843007449892,0.0823061564429496,0.08094278771871964,0.07821531198876748,0.08693758073502014,0.053524948285600504,0.08427513271094074,0.08213499241007091,0.08430435993341838,0.08541176566173338,0.0701842502344497,0.0818107728545355,0.0865356080950501,0.0815032618122922,0.08485650238282803,0.07965668612727916,0.06185040006252445,0.062048620521455336,0.08020905176241694,0.08225459941893233,0.06259282051251529,0.08353236751066426,0.08304470215640257,0.08444451566311209,0.08296186178558054,0.08229698601369922,0.07326901399903603,0.08712020165792285,0.0849713897099625,0.06362834177154879,0.07810796179763001,0.07609437009170038,0.08546922796506762,0.08393538571239383,0.08774422747456116,0.07957960455199256,0.0791934434253622,0.08417415202006337,0.08078270188680711,0.06459582356947893,0.08353114488213545,0.08597982882740636,0.08625776500908822,0.084226480836288,0.08378994259747093,0.07802970305026205,0.08270736694471728,0.0831824409509978,0.08647855008605984,0.08123261348854043,0.08421595368031666,0.08435541202887235,0.05460125238586343,0.08145643016153098,0.08045000261432549,0.07999051940227006,0.07842061516374361,0.08362213874411781,0.08284720480887325,0.08389413191664238,0.08511430514632784,0.08492019314898074,0.08630325733002193,0.07751226753874797,0.07779406054343652,0.08240128232293027,0.08432332698089194,0.08010911373883306,0.0864828822707724,0.0829962912034547,0.08582679991058367,0.08343349617418946,0.08337986880512697,0.0807223442442904,0.08542594151139875,0.08222515209864695,0.060976755107706365,0.08091918803821849,0.08193490410365867,0.08363022549954256
CD278,0.17183249163567957,0.1773723196340588,0.2062543475878917,0.17966242678673772,0.1668430690619267,0.18181790253724675,0.167813632751787,0.20516898170961337,0.20047299533962096,0.17206673734775663,0.16303709889960766,0.2120628390370038,0.19900680358213305,0.17916151584110543,0.1634817908822051,0.20845197694609016,0.1802118628134309,0.13687026927535234,0.1749125829045936,0.1732483540895679,0.1821581690443814,0.21351247107977323,0.1707654298707816,0.1731523547036709,0.24452163177488348,0.17415194141536783,0.17765100579154555,0.19235937662785338,0.1631954998661861,0.209158362715965,0.17103680549173433,0.24130428447826893,0.2490466837019056,0.16054860050961284,0.20605409303514877,0.20133065096742803,0.17307566461295262,0.1768133433293064,0.1775841861401552,0.17856279652088308,0.17560064212673043,0.1796219243426165,0.15154337622592934,0.23593244427645987,0.18022698427691924,0.13414502331941927,0.23884842680531798,0.18802196648241026,0.17536001459344586,0.173625100768587,0.2262896635853844,0.21745344950032436,0.16702531187426292,0.17270060564865494,0.18679403717512943,0.20515262654029046,0.17983996982298533,0.16180325809964788,0.17071048931533786,0.18061644231129395,0.16265154445287633,0.17140248947900547,0.16078329234806743,0.158159065916589,0.1776305673985125,0.2155963691376649,0.19960559778513762,0.17591725206155737,0.1712804346035993,0.21192598745457514,0.16416725321865214,0.20566882224126867,0.17404076095438628,0.20355344729385455,0.1752754762763792,0.19543674482737253,0.2445394118507562,0.24001243654663548,0.20313298236742025,0.17645134687932928,0.2605415208432249,0.17201104366106582,0.1681672861663124,0.16955122259232797,0.16724060584977213,0.21745980115636623,0.1880204639401771,0.18065884351312783,0.16443764071650657,0.23403633725021836,0.17918769887042207,0.15403259570345013,0.1746008856921705,0.2001219828162658,0.19115887695403513,0.20607134262128787,0.16175340043983183,0.21268930135071457,0.20822372196501854,0.25965878591631736,0.16164769473979826,0.16324086034585575,0.17670411074594963,0.21555454905782342,0.1925134147266508,0.19051096784482313,0.16502683491360956,0.17203444736655896,0.17332543920834936,0.2013765745445143,0.18300548947162168,0.16861505356553055,0.23161625485280649,0.19997196056447505,0.17322811879903896,0.19762818113996275,0.20041542195090387,0.17112585423256005,0.1882135380727916,0.2032934021831644,0.1825767795744636,0.1666925482115337,0.17685166733110852,0.1715878173114186,0.21101872572787597,0.1736776602843309,0.1709958695368145,0.16985589866476772,0.17475661061227526,0.17003097176611212,0.1726954994989625,0.1652011916096903,0.17327057790660763,0.1742437968199873,0.20825384709321296,0.17584576158034662,0.23533374063602353,0.18021906719775913,0.19784387953611954,0.17998165998713417
CD335,0.19536771661368835,0.17627000013098146,0.19496699881778484,0.19507216657644114,0.187625497328289,0.2019511935354666,0.18133017113280375,0.198622228684005,0.19013502201395285,0.19581784291597454,0.17284584431452388,0.19037855743461662,0.19954422134812758,0.19800734570142078,0.18534848037295068,0.19087845958021318,0.19312817752675343,0.16051715958588364,0.17914322362845733,0.17146400115358088,0.16358120408377644,0.20013156626806414,0.18027622350015207,0.1821845255292288,0.23782265519768478,0.19486544956501545,0.20508594093469457,0.17177218040306624,0.18094660930584244,0.18815028429855868,0.18306874735957895,0.210192546300824,0.22681218666259656,0.1893652255939618,0.20355895399066398,0.1816985620632885,0.1919506473744895,0.18412662561303142,0.1997303554755352,0.17316601166080187,0.21780377325968972,0.18013935396027161,0.16582942385845864,0.23995140022869568,0.20160543915137227,0.13448957548167748,0.23201350943125,0.18478983405458096,0.19427152337592138,0.18651829572377596,0.2025640457266004,0.1994386245595549,0.17004324307161756,0.20334997519822084,0.2110403374494719,0.17703468783721796,0.17076115858115876,0.1860051267031753,0.17339921510524559,0.1917604339325751,0.18356826128634385,0.16621912381432738,0.16971496200303116,0.18222981515518133,0.17963731728491258,0.22460820971157544,0.1913628501332173,0.19615643956482204,0.1839516617600313,0.1920686974617606,0.16611586968204684,0.1822718365268933,0.197088984257112,0.16805236529841966,0.1890028218376204,0.18378218552790032,0.21705489772128098,0.15367370541254136,0.1883426163462281,0.19913067850458205,0.2333434285137356,0.19847179901374334,0.18630427402553257,0.1801140961892146,0.18250928034179076,0.19357713855499284,0.18689131570473633,0.17957981125872885,0.17701719552622916,0.20478570630856466,0.17684719957193668,0.18409970313661717,0.18096975715419142,0.18262736491090237,0.17672050540890424,0.18371419250007195,0.19326790777585132,0.18836522946123757,0.19624248311045453,0.22650174838359693,0.17249376118966714,0.1661914356812626,0.17873987351220846,0.19476491631714382,0.1790066582408066,0.1852435500688263,0.16974093794080675,0.18051958734890286,0.19765543728142201,0.18604493818780318,0.20586686769511126,0.20299973376939986,0.20848950090452545,0.1826808710974317,0.20432468921719157,0.17965100194444505,0.1852337746036261,0.17766466865908243,0.18305293610563508,0.18380629559624775,0.19841917557868075,0.17582868993048584,0.17126772892191283,0.20103338077682548,0.18692169677267034,0.20469169773720267,0.1666317926953921,0.2000609484651186,0.18404876322909816,0.19696720864337403,0.1773009585095302,0.17918717489444494,0.17878145351514166,0.17751449560627883,0.18947615472434712,0.20338227633733,0.21482954594956272,0.17535324910256075,0.177315705155476,0.17628398357056219
PD-1,0.17994126964373083,0.16215212778199023,0.18377511196200053,0.18716887708324215,0.17099344281468423,0.18513981645332894,0.16519008591364623,0.17977327737139664,0.17247950861966208,0.17831020249492607,0.16573305820246523,0.1777819675742382,0.18114770232921246,0.1792091068249688,0.16953922379903277,0.17933558052076565,0.18696080920436356,0.14530988086289376,0.17602026721641334,0.17399934651618396,0.1563704536307699,0.18551269923758304,0.16944246521005735,0.17535741299583193,0.2301060990329295,0.18024398525995805,0.18725616324835714,0.16758797404986722,0.17048946641741486,0.18424817509489327,0.17150959930586604,0.21927974719277826,0.22272629879170402,0.16757133312712624,0.18466236057272722,0.17682528596206604,0.17478257047995638,0.17932359444650472,0.18050978334366444,0.16291827292206906,0.18642083407811513,0.18032485306165263,0.15586392461174425,0.2177639336955113,0.17969533084509112,0.127217362097349,0.22101541728078078,0.1842299416848989,0.17677113787090054,0.17580735478450818,0.19891326073930793,0.18619126661376126,0.16530666903441094,0.18204535205072117,0.19223105907272225,0.17020871774307605,0.15744277921416197,0.1672728525834665,0.17102075318126303,0.18493012199289435,0.1696489239615735,0.16485118429833548,0.164106484506241,0.1605891205256306,0.18250955559488655,0.19751272271233244,0.17721217713883838,0.18520023062922464,0.17137030864128538,0.17932646509922093,0.13926804492533643,0.17839461627343645,0.17913925299256228,0.17158497112315424,0.18265254885750715,0.17377768453125486,0.22188333974394914,0.213451108549316,0.18593500273040264,0.18649603438266962,0.2363268321143209,0.18212894022826134,0.17285466918172018,0.17611346607506606,0.16925511601008342,0.1856793818912201,0.16465635435974524,0.17993762890680998,0.1691031858582407,0.2095721558573905,0.1662441720011311,0.1624260884672654,0.17662236393711697,0.17753988120552197,0.17918513910918307,0.17555228804825818,0.16962996066117542,0.18563428988631375,0.1882645976242317,0.24029995621721004,0.16676061864146155,0.1669161756425596,0.1777623735123232,0.1856567444989239,0.16682146539808707,0.16620330630752833,0.1634846474226657,0.17248286916525654,0.18322221326875474,0.17522836135766678,0.1870980336649181,0.1806317519509264,0.21442499897028552,0.17425010193537246,0.18207198925871124,0.16588575015521098,0.17765122546173936,0.17008573814001546,0.1653333371400319,0.1779637083192752,0.18442531116942532,0.16946242434870645,0.17369826003278074,0.18099362846856112,0.18079444385556726,0.18204270622704383,0.17050046146495157,0.1782375421271639,0.17363336077662653,0.17804936279224756,0.17189892472436952,0.17015567534599688,0.17640596811020487,0.16918812814356254,0.18272727262535293,0.18335629544869872,0.21769126898966065,0.16333933804105982,0.17590373767774573,0.17831661654460504
HLA-DR,0.37061311083575205,0.3106477527484918,0.32752267723874423,0.3767821728807371,0.3549203761026199,0.3800307862718324,0.3523235412525196,0.31751957627213084,0.3145657639536978,0.37814221491269256,0.34383658791440985,0.288356372671085,0.3435147373410196,0.36197391135793766,0.3678617532053304,0.31728580578129906,0.37598068657584405,0.31768076378762344,0.3729327171755436,0.36720938629342514,0.2684018067909742,0.32652432997362735,0.3494597370807809,0.3613740941041362,0.3330061166067957,0.37270961592793656,0.37597977985402686,0.29731287801985007,0.36043724295801666,0.30930594426174324,0.35769091428932265,0.3329844531606571,0.36899190502473994,0.3621010609046804,0.3014179198964317,0.2931900811336083,0.3492252964126617,0.3714582684589694,0.3759064137598582,0.2981769823813353,0.37837111276137253,0.3737765163228354,0.32541256754206643,0.3288030968921601,0.3629946789508779,0.26552090541530277,0.31409690711481913,0.38032487456916453,0.36935395685784606,0.36975014653720184,0.3241037487732828,0.2942993082832585,0.33664281566402715,0.3626240398242738,0.3845813428015382,0.29460469380150817,0.2751446511515971,0.3475840184794741,0.3568974839637847,0.3801526397816955,0.3385136915734321,0.3413862530473118,0.34834033481425536,0.33861247888637047,0.3677249258196921,0.3007755452531403,0.3203873828509695,0.3820294225927493,0.36376635192126505,0.29225082919557954,0.23531796003689728,0.31962974388463183,0.36769098276479717,0.28121920565556097,0.37429266676581685,0.2761829310093305,0.3234856509146694,0.34465985002084126,0.35596480752089393,0.3856851168349295,0.3632452420290344,0.3743440315381023,0.3642729632402784,0.3628616846936534,0.3550083111743021,0.3191827047063353,0.3134530903274853,0.36275676860607825,0.3530297301198105,0.32014187220014284,0.32838498683845335,0.32597707596025993,0.37083187098263387,0.3240222067816821,0.345583470327725,0.30191931696542945,0.3451599002183289,0.3306543867889472,0.32445062490401916,0.3859311829615057,0.3552824265843122,0.3422460726751408,0.36208175228890577,0.31072462984976,0.28489646336570223,0.3133763869672801,0.3381564098737877,0.3581951285003955,0.3661204543719098,0.3155374970137697,0.36616364890041636,0.3639843104179429,0.3141806316688532,0.327573868020405,0.3826793926579809,0.29311074955978206,0.2971181956686943,0.3571050595304852,0.299850848200181,0.31424409420423677,0.37589070240838157,0.35928860094610476,0.34696816204411807,0.3861291729242193,0.297783022775563,0.378492874798315,0.35681708591689293,0.3748892867486844,0.3480468670732762,0.36429971563328684,0.3617301254965369,0.35074114970019327,0.36598067258561934,0.36112303698849363,0.3132172230162498,0.375700186804334,0.33602936257849325,0.2995885710975518,0.3031066878230432,0.362344371890986
TIGIT,0.12164443659949134,0.1417908296814238,0.17262467761409223,0.1406900868551462,0.13243210295398006,0.1428162972900005,0.13683711329585205,0.1587756314110685,0.15667364034202858,0.13628336237108635,0.13967464264473,0.18308764800413596,0.15347445096369416,0.1405093464961589,0.12613077118707072,0.16910978308231298,0.14036488845458897,0.09626798118238947,0.1495218293371965,0.1494676835150521,0.15406622239964657,0.17208589692052662,0.14365697893972706,0.14061804282049237,0.20598904531597217,0.13700010854023392,0.13374570159027896,0.16762094447570522,0.12944289726554492,0.18095983549472366,0.1381796453819185,0.2447284485116249,0.23167476688203711,0.11137617512852657,0.1867468309725967,0.19572506124054517,0.13339936977851394,0.14706960820160142,0.13915460074630592,0.1457996316032093,0.1214899237958647,0.1537223687454452,0.12747780219754398,0.21930777816464184,0.13210265062622217,0.1210852819621663,0.22939385199500525,0.16202068891319285,0.14232494200389317,0.13830130546659083,0.19547174698857722,0.1927091285393972,0.14520758511742082,0.13288679992868116,0.14946478242967823,0.17100688965842123,0.1505877499789306,0.11901591747269788,0.14614232219741713,0.14467922609201292,0.1280753099177617,0.14693795358279382,0.13778603147622057,0.11463323664189343,0.16202693635626342,0.19812325846136092,0.15771682192448544,0.1393128610868598,0.13862451473272333,0.17702841040367095,0.12109411433016408,0.1766164849954977,0.13262134687338636,0.19234458988759465,0.14925377505086115,0.17364152615163125,0.24817791836721362,0.2906871659733141,0.15999587976553828,0.1313216959233236,0.25876188136804457,0.13769786272780982,0.13361006281707852,0.14332913404947764,0.1338698022713016,0.1767730910465283,0.14801428529619248,0.15317819602000537,0.13814373950909695,0.23855782919336116,0.14200389325837384,0.11138003829881642,0.14895565274597047,0.165710881242733,0.1687913401222278,0.1775972009107576,0.11538206428204194,0.186669948817808,0.19347643529541753,0.2528693780071356,0.13654246946607054,0.1470902801460155,0.15020080948535525,0.1776971467215114,0.16042048029669165,0.14868789877856942,0.13518505094055003,0.14019577379280185,0.1339241403293845,0.16349687283760037,0.13636887779528745,0.12397139868945303,0.2327081418047457,0.15651873207232012,0.13610541885150704,0.1557608609084994,0.19823232115725958,0.1454007411847535,0.14977015305027672,0.17341460694460198,0.1454107874661244,0.1321644072288046,0.1543742856512616,0.122618595172177,0.17739133070961752,0.12762625034948805,0.15224366372053308,0.12225594985302687,0.14671862757310838,0.13375482062504965,0.14489017242295749,0.13419147705475684,0.15012695387850136,0.1452115237735765,0.17859723178803755,0.13973636927781988,0.23633204647330794,0.1462552103003939,0.1831994199246204,0.15876198853770773
